book_order,book,chapter,verse,reference,text
41,Mark,1,1,Mark 1:1,Ἀρχὴ τοῦ εὐαγγελίου Ἰησοῦ Χριστοῦ υἱοῦ τοῦ θεοῦ·
41,Mark,1,2,Mark 1:2,"καθὼς γέγραπται ἐν τῷ Ἠσαΐᾳ τῷ προφήτῃ· ἰδοὺ ἐγὼ ἀποστέλλω τὸν ἄγγελόν μου πρὸ προσώπου σου, ὃς κατασκευάσει τὴν ὁδόν σου ἔμπροσθέν σου."
41,Mark,1,3,Mark 1:3,"φωνὴ βοῶντος ἐν τῇ ἐρήμῳ ἑτοιμάσατε τὴν ὁδὸν κυρίου, εὐθείας ποιεῖτε τὰς τρίβους αὐτοῦ.¶"
41,Mark,1,4,Mark 1:4,Ἐγένετο Ἰωάννης ὁ βαπτίζων ἐν τῇ ἐρήμῳ καὶ κηρύσσων βάπτισμα μετανοίας εἰς ἄφεσιν ἁμαρτιῶν.
41,Mark,1,5,Mark 1:5,"καὶ ἐξεπορεύετο πρὸς αὐτὸν πᾶσα ἡ Ἰουδαία χώρα καὶ οἱ Ἱεροσολυμῖται (Hi'erosolumitai) πάντες, καὶ ἐβαπτίζοντο ὑπ᾽ (hup᾽) αὐτοῦ ἐν τῷ Ἰορδάνῃ ποταμῷ ἐξομολογούμενοι τὰς ἁμαρτίας αὐτῶν."
41,Mark,1,6,Mark 1:6,καὶ ἦν δὲ ὁ Ἰωάννης ἐνδεδυμένος τρίχας καμήλου καὶ ζώνην δερματίνην περὶ τὴν ὀσφὺν αὐτοῦ καὶ ἐσθίων ἀκρίδας καὶ μέλι ἄγριον.
41,Mark,1,7,Mark 1:7,"καὶ ἐκήρυσσεν λέγων· ἔρχεται ὁ ἰσχυρότερός μου ὀπίσω μου, οὗ οὐκ εἰμὶ ἱκανὸς κύψας λῦσαι τὸν ἱμάντα τῶν ὑποδημάτων αὐτοῦ."
41,Mark,1,8,Mark 1:8,"ἐγὼ μὲν ἐβάπτισα ὑμᾶς ἐν ὕδατι, αὐτὸς δὲ βαπτίσει ὑμᾶς ἐν πνεύματι ἁγίῳ.¶"
41,Mark,1,9,Mark 1:9,Καὶ ἐγένετο ἐν ἐκείναις ταῖς ἡμέραις ἦλθεν Ἰησοῦς ἀπὸ Ναζαρὲτ τῆς Γαλιλαίας καὶ ἐβαπτίσθη εἰς τὸν Ἰορδάνην ὑπὸ Ἰωάννου.
41,Mark,1,10,Mark 1:10,καὶ εὐθὺς ἀναβαίνων ἐκ τοῦ ὕδατος εἶδεν σχιζομένους τοὺς οὐρανοὺς καὶ τὸ πνεῦμα ὡς περιστερὰν καταβαῖνον εἰς αὐτόν·
41,Mark,1,11,Mark 1:11,"καὶ φωνὴ ἐγένετο ἐκ τῶν οὐρανῶν· σὺ εἶ ὁ υἱός μου ὁ ἀγαπητός, ἐν σοὶ εὐδόκησα.¶"
41,Mark,1,12,Mark 1:12,Καὶ εὐθὺς τὸ πνεῦμα αὐτὸν ἐκβάλλει εἰς τὴν ἔρημον.
41,Mark,1,13,Mark 1:13,καὶ ἦν ἐκεῖ ἐν τῇ ἐρήμῳ τεσσεράκοντα ἡμέρας πειραζόμενος ὑπὸ τοῦ σατανᾶ καὶ ἦν μετὰ τῶν θηρίων· καὶ οἱ ἄγγελοι διηκόνουν αὐτῷ.¶
41,Mark,1,14,Mark 1:14,Καὶ μετὰ δὲ τὸ παραδοθῆναι τὸν Ἰωάννην ἦλθεν ὁ Ἰησοῦς εἰς τὴν Γαλιλαίαν κηρύσσων τὸ εὐαγγέλιον τῆς βασιλείας τοῦ θεοῦ
41,Mark,1,15,Mark 1:15,καὶ λέγων ὅτι πεπλήρωται ὁ καιρὸς καὶ ἤγγικεν ἡ βασιλεία τοῦ θεοῦ· μετανοεῖτε καὶ πιστεύετε ἐν τῷ εὐαγγελίῳ.¶
41,Mark,1,16,Mark 1:16,Καὶ παράγων δὲ παρὰ τὴν θάλασσαν τῆς Γαλιλαίας εἶδεν Σίμωνα καὶ Ἀνδρέαν τὸν ἀδελφὸν αὐτοῦ τοῦ Σίμωνος ἀμφιβάλλοντας ἀμφίβληστρον ἐν τῇ θαλάσσῃ· ἦσαν γὰρ ἁλιεῖς.
41,Mark,1,17,Mark 1:17,"καὶ εἶπεν αὐτοῖς ὁ Ἰησοῦς· δεῦτε ὀπίσω μου, καὶ ποιήσω ὑμᾶς γενέσθαι ἁλιεῖς ἀνθρώπων."
41,Mark,1,18,Mark 1:18,καὶ εὐθὺς ἀφέντες τὰ δίκτυα αὐτῶν ἠκολούθησαν αὐτῷ.¶
41,Mark,1,19,Mark 1:19,"Καὶ προβὰς ἐκεῖθεν ὀλίγον εἶδεν Ἰάκωβον τὸν τοῦ Ζεβεδαίου καὶ Ἰωάννην τὸν ἀδελφὸν αὐτοῦ, καὶ αὐτοὺς ἐν τῷ πλοίῳ καταρτίζοντας τὰ δίκτυα,"
41,Mark,1,20,Mark 1:20,καὶ εὐθὺς ἐκάλεσεν αὐτούς. καὶ ἀφέντες τὸν πατέρα αὐτῶν Ζεβεδαῖον ἐν τῷ πλοίῳ μετὰ τῶν μισθωτῶν ἀπῆλθον ὀπίσω αὐτοῦ.¶
41,Mark,1,21,Mark 1:21,Καὶ εἰσπορεύονται εἰς Καφαρναούμ. καὶ εὐθὺς τοῖς σάββασιν εἰσελθὼν εἰς τὴν συναγωγὴν ἐδίδασκεν.
41,Mark,1,22,Mark 1:22,καὶ ἐξεπλήσσοντο ἐπὶ τῇ διδαχῇ αὐτοῦ· ἦν γὰρ διδάσκων αὐτοὺς ὡς ἐξουσίαν ἔχων καὶ οὐχ ὡς οἱ γραμματεῖς.¶
41,Mark,1,23,Mark 1:23,Καὶ εὐθὺς ἦν ἐν τῇ συναγωγῇ αὐτῶν ἄνθρωπος ἐν πνεύματι ἀκαθάρτῳ καὶ ἀνέκραξεν
41,Mark,1,24,Mark 1:24,"λέγων· ἔα τί ἡμῖν καὶ σοί, Ἰησοῦ Ναζαρηνέ; ἦλθες ἀπολέσαι ἡμᾶς; οἶδά σε τίς εἶ, ὁ ἅγιος τοῦ θεοῦ."
41,Mark,1,25,Mark 1:25,καὶ ἐπετίμησεν αὐτῷ ὁ Ἰησοῦς λέγων· φιμώθητι καὶ ἔξελθε ἐξ αὐτοῦ.
41,Mark,1,26,Mark 1:26,καὶ σπαράξαν αὐτὸν τὸ πνεῦμα τὸ ἀκάθαρτον καὶ φωνῆσαν φωνῇ μεγάλῃ ἐξῆλθεν ἐξ αὐτοῦ.
41,Mark,1,27,Mark 1:27,"καὶ ἐθαμβήθησαν ἅπαντες ὥστε συζητεῖν πρὸς ἑαυτοὺς (he'autous) λέγοντας· τί ἐστιν τοῦτο; τίς ἡ διδαχὴ ἡ καινὴ αὕτη ὅτι κατ᾽ (kat᾽) ἐξουσίαν· καὶ τοῖς πνεύμασιν τοῖς ἀκαθάρτοις ἐπιτάσσει, καὶ ὑπακούουσιν αὐτῷ.¶"
41,Mark,1,28,Mark 1:28,Καὶ ἐξῆλθεν δὲ ἡ ἀκοὴ αὐτοῦ εὐθὺς πανταχοῦ εἰς ὅλην τὴν περίχωρον τῆς Γαλιλαίας.¶
41,Mark,1,29,Mark 1:29,Καὶ εὐθὺς ἐκ τῆς συναγωγῆς ἐξελθόντες ἦλθον εἰς τὴν οἰκίαν Σίμωνος καὶ Ἀνδρέου μετὰ Ἰακώβου καὶ Ἰωάννου.
41,Mark,1,30,Mark 1:30,"ἡ δὲ πενθερὰ Σίμωνος κατέκειτο πυρέσσουσα, καὶ εὐθὺς λέγουσιν αὐτῷ περὶ αὐτῆς."
41,Mark,1,31,Mark 1:31,"καὶ προσελθὼν ἤγειρεν αὐτὴν κρατήσας τῆς χειρός αὐτῆς· καὶ ἀφῆκεν αὐτὴν ὁ πυρετός εὐθέως, καὶ διηκόνει αὐτοῖς.¶"
41,Mark,1,32,Mark 1:32,"Ὀψίας δὲ γενομένης, ὅτε ἔδυ ὁ ἥλιος, ἔφερον πρὸς αὐτὸν πάντας τοὺς κακῶς ἔχοντας καὶ τοὺς δαιμονιζομένους·"
41,Mark,1,33,Mark 1:33,καὶ ἦν ὅλη ἡ πόλις ἐπισυνηγμένη πρὸς τὴν θύραν.
41,Mark,1,34,Mark 1:34,καὶ ἐθεράπευσεν πολλοὺς κακῶς ἔχοντας ποικίλαις νόσοις καὶ δαιμόνια πολλὰ ἐξέβαλεν καὶ οὐκ ἤφιεν λαλεῖν τὰ δαιμόνια ὅτι ᾔδεισαν αὐτόν Χριστὸν εἶναι.¶
41,Mark,1,35,Mark 1:35,Καὶ πρωῒ ἔννυχα λίαν ἀναστὰς ἐξῆλθεν καὶ ἀπῆλθεν εἰς ἔρημον τόπον κἀκεῖ προσηύχετο.
41,Mark,1,36,Mark 1:36,καὶ κατεδίωξεν αὐτὸν ὁ Σίμων καὶ οἱ μετ᾽ (met᾽) αὐτοῦ·
41,Mark,1,37,Mark 1:37,καὶ εὗρον αὐτὸν καὶ λέγουσιν αὐτῷ ὅτι πάντες ζητοῦσίν σε.¶
41,Mark,1,38,Mark 1:38,Καὶ λέγει αὐτοῖς· ἄγωμεν ἀλλαχοῦ εἰς τὰς ἐχομένας κωμοπόλεις ἵνα καὶ ἐκεῖ κηρύξω· εἰς τοῦτο γὰρ ἐξῆλθον.¶
41,Mark,1,39,Mark 1:39,Καὶ ἦλθεν κηρύσσων εἰς τὰς συναγωγὰς αὐτῶν εἰς ὅλην τὴν Γαλιλαίαν καὶ τὰ δαιμόνια ἐκβάλλων.¶
41,Mark,1,40,Mark 1:40,Καὶ ἔρχεται πρὸς αὐτὸν λεπρὸς παρακαλῶν αὐτὸν καὶ γονυπετῶν αὐτὸν καὶ λέγων αὐτῷ ὅτι ἐὰν θέλῃς δύνασαί με καθαρίσαι.
41,Mark,1,41,Mark 1:41,"ὁ καὶ Ἰησοῦς σπλαγχνισθεὶς ἐκτείνας τὴν χεῖρα αὐτοῦ ἥψατο καὶ λέγει αὐτῷ· θέλω, καθαρίσθητι."
41,Mark,1,42,Mark 1:42,"καὶ εἰπόντος αὐτοῦ εὐθὺς ἀπῆλθεν ἀπ᾽ (ap᾽) αὐτοῦ ἡ λέπρα, καὶ ἐκαθαρίσθη."
41,Mark,1,43,Mark 1:43,καὶ ἐμβριμησάμενος αὐτῷ εὐθὺς ἐξέβαλεν αὐτὸν
41,Mark,1,44,Mark 1:44,"καὶ λέγει αὐτῷ· ὅρα, μηδενὶ μηδὲν εἴπῃς· ἀλλ᾽ (all᾽) ὕπαγε, σεαυτὸν δεῖξον τῷ ἱερεῖ (hi'erei) καὶ προσένεγκε περὶ τοῦ καθαρισμοῦ σου ἃ προσέταξεν Μωϋσῆς εἰς μαρτύριον αὐτοῖς."
41,Mark,1,45,Mark 1:45,"ὁ δὲ ἐξελθὼν ἤρξατο κηρύσσειν πολλὰ καὶ διαφημίζειν τὸν λόγον ὥστε μηκέτι αὐτὸν δύνασθαι φανερῶς εἰς πόλιν εἰσελθεῖν, ἀλλ᾽ (all᾽) ἔξω ἐπ᾽ (ep᾽) ἐρήμοις τόποις ἦν. καὶ ἤρχοντο πρὸς αὐτὸν πάντοθεν.¶"
41,Mark,2,1,Mark 2:1,Καὶ εἰσελθὼν πάλιν εἰς Καφαρναοὺμ δι᾽ (di᾽) ἡμερῶν καὶ ἠκούσθη ὅτι ἐν οἴκῳ ἐστίν.
41,Mark,2,2,Mark 2:2,"καὶ εὐθέως συνήχθησαν πολλοὶ ὥστε μηκέτι χωρεῖν μηδὲ τὰ πρὸς τὴν θύραν, καὶ ἐλάλει αὐτοῖς τὸν λόγον.¶"
41,Mark,2,3,Mark 2:3,Καὶ ἔρχονται φέροντες πρὸς αὐτὸν παραλυτικὸν αἰρόμενον ὑπὸ τεσσάρων.
41,Mark,2,4,Mark 2:4,καὶ μὴ δυνάμενοι προσενέγκαι αὐτῷ διὰ τὸν ὄχλον ἀπεστέγασαν τὴν στέγην ὅπου ἦν καὶ ἐξορύξαντες χαλῶσιν τὸν κράβαττον ὅπου ὁ παραλυτικὸς κατέκειτο.
41,Mark,2,5,Mark 2:5,"καὶ ἰδὼν δὲ ὁ Ἰησοῦς τὴν πίστιν αὐτῶν λέγει τῷ παραλυτικῷ· τέκνον, ἀφίενταί σου αἱ ἁμαρτίαι σου."
41,Mark,2,6,Mark 2:6,ἦσαν δέ τινες τῶν γραμματέων ἐκεῖ καθήμενοι καὶ διαλογιζόμενοι ἐν ταῖς καρδίαις αὐτῶν·
41,Mark,2,7,Mark 2:7,τί οὗτος οὕτως λαλεῖ; βλασφημεῖ· τίς δύναται ἀφιέναι ἁμαρτίας εἰ μὴ εἷς ὁ θεός;
41,Mark,2,8,Mark 2:8,καὶ εὐθὺς ἐπιγνοὺς ὁ Ἰησοῦς τῷ πνεύματι αὐτοῦ ὅτι οὕτως αὐτοὶ διαλογίζονται ἐν ἑαυτοῖς (he'autois) λέγει αὐτοῖς· τί ταῦτα διαλογίζεσθε ἐν ταῖς καρδίαις ὑμῶν;
41,Mark,2,9,Mark 2:9,"τί ἐστιν εὐκοπώτερον, εἰπεῖν τῷ παραλυτικῷ· ἀφίενταί σου αἱ ἁμαρτίαι, ἢ εἰπεῖν· ἔγειρε καὶ ἆρον τὸν κράβαττόν σου καὶ περιπάτει;¶"
41,Mark,2,10,Mark 2:10,"Ἵνα δὲ εἰδῆτε ὅτι ἐξουσίαν ἔχει ὁ υἱὸς τοῦ ἀνθρώπου ἀφιέναι ἁμαρτίας ἐπὶ τῆς γῆς, λέγει τῷ παραλυτικῷ·"
41,Mark,2,11,Mark 2:11,"σοὶ λέγω· ἔγειρε, καὶ ἆρον τὸν κράβαττόν σου καὶ ὕπαγε εἰς τὸν οἶκόν σου.¶"
41,Mark,2,12,Mark 2:12,Καὶ ἠγέρθη καὶ εὐθὺς ἄρας τὸν κράβαττον ἐξῆλθεν ἔμπροσθεν πάντων ὥστε ἐξίστασθαι πάντας καὶ δοξάζειν τὸν θεὸν λέγοντας ὅτι οὕτως οὐδέποτε εἴδομεν.¶
41,Mark,2,13,Mark 2:13,"Καὶ ἐξῆλθεν πάλιν παρὰ τὴν θάλασσαν, καὶ πᾶς ὁ ὄχλος ἤρχετο πρὸς αὐτόν, καὶ ἐδίδασκεν αὐτούς.¶"
41,Mark,2,14,Mark 2:14,Καὶ παράγων εἶδεν Λευὶν τὸν τοῦ Ἁλφαίου καθήμενον ἐπὶ τὸ τελώνιον καὶ λέγει αὐτῷ· ἀκολούθει μοι. καὶ ἀναστὰς ἠκολούθησεν αὐτῷ.¶
41,Mark,2,15,Mark 2:15,"Καὶ γίνεται ἐν τῷ κατακεῖσθαι αὐτὸν ἐν τῇ οἰκίᾳ αὐτοῦ, καὶ πολλοὶ τελῶναι καὶ ἁμαρτωλοὶ συνανέκειντο τῷ Ἰησοῦ καὶ τοῖς μαθηταῖς αὐτοῦ· ἦσαν γὰρ πολλοί, καὶ ἠκολούθουν αὐτῷ."
41,Mark,2,16,Mark 2:16,καὶ οἱ γραμματεῖς καὶ τῶν Φαρισαίων καὶ ἰδόντες ὅτι ἐσθίει μετὰ τῶν ἁμαρτωλῶν καὶ τελωνῶν ἔλεγον τοῖς μαθηταῖς αὐτοῦ· τί ὅτι μετὰ τῶν τελωνῶν καὶ ἁμαρτωλῶν ἐσθίει καὶ πίνει;¶
41,Mark,2,17,Mark 2:17,Καὶ ἀκούσας ὁ Ἰησοῦς λέγει αὐτοῖς· ὅτι οὐ χρείαν ἔχουσιν οἱ ἰσχύοντες ἰατροῦ ἀλλ᾽ (all᾽) οἱ κακῶς ἔχοντες· οὐκ ἦλθον καλέσαι δικαίους ἀλλ᾽ (all᾽) ἁμαρτωλούς εἰς μετάνοιαν.¶
41,Mark,2,18,Mark 2:18,"Καὶ ἦσαν οἱ μαθηταὶ Ἰωάννου καὶ οἱ τῶν Φαρισαῖοι νηστεύοντες καὶ ἔρχονται καὶ λέγουσιν αὐτῷ· διὰ τί οἱ μαθηταὶ Ἰωάννου καὶ οἱ μαθηταὶ τῶν Φαρισαίων νηστεύουσιν, οἱ δὲ σοὶ μαθηταὶ οὐ νηστεύουσιν;¶"
41,Mark,2,19,Mark 2:19,Καὶ εἶπεν αὐτοῖς ὁ Ἰησοῦς· μὴ δύνανται οἱ υἱοὶ τοῦ νυμφῶνος ἐν ᾧ ὁ νυμφίος μετ᾽ (met᾽) αὐτῶν ἐστιν νηστεύειν; ὅσον χρόνον ἔχουσιν τὸν νυμφίον μετ᾽ (met᾽) αὐτῶν οὐ δύνανται νηστεύειν.
41,Mark,2,20,Mark 2:20,"ἐλεύσονται δὲ ἡμέραι ὅταν ἀπαρθῇ ἀπ᾽ (ap᾽) αὐτῶν ὁ νυμφίος, καὶ τότε νηστεύσουσιν ἐν ἐκείνῃ τῇ ἡμέρᾳ.¶"
41,Mark,2,21,Mark 2:21,"Καὶ οὐδεὶς ἐπίβλημα ῥάκους ἀγνάφου ἐπιράπτει ἐπὶ ἱμάτιον παλαιόν· εἰ δὲ μή, αἴρει τὸ πλήρωμα ἀπ᾽ (ap᾽) αὐτοῦ τὸ καινὸν τοῦ παλαιοῦ, καὶ χεῖρον σχίσμα γίνεται.¶"
41,Mark,2,22,Mark 2:22,"Καὶ οὐδεὶς βάλλει οἶνον νέον εἰς ἀσκοὺς παλαιούς· εἰ δὲ μή, ῥήξει ὁ οἶνος ὁ νέος τοὺς ἀσκούς, καὶ ὁ οἶνος ἀπόλλυται καὶ οἱ ἀσκοί ἀπολοῦνται· ἀλλ᾽ (all᾽) οἶνον νέον εἰς ἀσκοὺς καινούς βλητέον.¶"
41,Mark,2,23,Mark 2:23,"Καὶ ἐγένετο αὐτὸν ἐν τοῖς σάββασιν παραπορεύεσθαι διὰ τῶν σπορίμων, καὶ οἱ μαθηταὶ αὐτοῦ ἤρξαντο ὁδὸν ποιεῖν τίλλοντες τοὺς στάχυας."
41,Mark,2,24,Mark 2:24,καὶ οἱ Φαρισαῖοι ἔλεγον αὐτῷ· ἴδε τί ποιοῦσιν ἐν τοῖς σάββασιν ὃ οὐκ ἔξεστιν;¶
41,Mark,2,25,Mark 2:25,Καὶ αὐτὸς λέγει αὐτοῖς· οὐδέποτε ἀνέγνωτε τί ἐποίησεν Δαυὶδ ὅτε χρείαν ἔσχεν καὶ ἐπείνασεν αὐτὸς καὶ οἱ μετ᾽ (met᾽) αὐτοῦ;
41,Mark,2,26,Mark 2:26,"πῶς εἰσῆλθεν εἰς τὸν οἶκον τοῦ θεοῦ ἐπὶ Ἀβιαθὰρ τοῦ ἀρχιερέως καὶ τοὺς ἄρτους τῆς προθέσεως ἔφαγεν οὓς οὐκ ἔξεστιν φαγεῖν εἰ μὴ τοὺς ἱερεῖς, (hi'ereis) καὶ ἔδωκεν καὶ τοῖς σὺν αὐτῷ οὖσιν;"
41,Mark,2,27,Mark 2:27,"καὶ ἔλεγεν αὐτοῖς· τὸ σάββατον διὰ τὸν ἄνθρωπον ἐγένετο, καὶ οὐχ ὁ ἄνθρωπος διὰ τὸ σάββατον."
41,Mark,2,28,Mark 2:28,ὥστε κύριός ἐστιν ὁ υἱὸς τοῦ ἀνθρώπου καὶ τοῦ σαββάτου.¶
41,Mark,3,1,Mark 3:1,"Καὶ εἰσῆλθεν πάλιν εἰς τὴν συναγωγήν, καὶ ἦν ἐκεῖ ἄνθρωπος ἐξηραμμένην ἔχων τὴν χεῖρα,"
41,Mark,3,2,Mark 3:2,καὶ παρετήρουν αὐτὸν εἰ τοῖς σάββασιν θεραπεύσει αὐτὸν ἵνα κατηγορήσωσιν αὐτοῦ.
41,Mark,3,3,Mark 3:3,καὶ λέγει τῷ ἀνθρώπῳ τῷ τὴν ξηρὰν χεῖρα ἔχοντι· ἔγειρε εἰς τὸ μέσον.
41,Mark,3,4,Mark 3:4,"καὶ λέγει αὐτοῖς· ἔξεστιν τοῖς σάββασιν ἀγαθὸν ποιῆσαι ἢ κακοποιῆσαι, ψυχὴν σῶσαι ἢ ἀποκτεῖναι; οἱ δὲ ἐσιώπων."
41,Mark,3,5,Mark 3:5,"καὶ περιβλεψάμενος αὐτοὺς μετ᾽ (met᾽) ὀργῆς, συλλυπούμενος ἐπὶ τῇ πωρώσει τῆς καρδίας αὐτῶν, λέγει τῷ ἀνθρώπῳ· ἔκτεινον τὴν χεῖρα σου. καὶ ἐξέτεινεν, καὶ ἀπεκατεστάθη ἡ χεὶρ αὐτοῦ ὑγιὴς ὡς ἡ ἄλλη.¶"
41,Mark,3,6,Mark 3:6,Καὶ ἐξελθόντες οἱ Φαρισαῖοι εὐθὺς μετὰ τῶν Ἡρῳδιανῶν συμβούλιον ἐδίδουν κατ᾽ (kat᾽) αὐτοῦ ὅπως αὐτὸν ἀπολέσωσιν.¶
41,Mark,3,7,Mark 3:7,"Καὶ ὁ Ἰησοῦς μετὰ τῶν μαθητῶν αὐτοῦ ἀνεχώρησεν πρὸς τὴν θάλασσαν, καὶ πολὺ πλῆθος ἀπὸ τῆς Γαλιλαίας ἠκολούθησεν αὐτῷ καὶ ἀπὸ τῆς Ἰουδαίας"
41,Mark,3,8,Mark 3:8,"καὶ ἀπὸ Ἱεροσολύμων (Hi'erosolumōn) καὶ ἀπὸ τῆς Ἰδουμαίας καὶ πέραν τοῦ Ἰορδάνου καὶ οἱ περὶ Τύρον καὶ Σιδῶνα, πλῆθος πολὺ ἀκούοντες ὅσα ἐποίει ἦλθον πρὸς αὐτόν.¶"
41,Mark,3,9,Mark 3:9,Καὶ εἶπεν τοῖς μαθηταῖς αὐτοῦ ἵνα πλοιάριον προσκαρτερῇ αὐτῷ διὰ τὸν ὄχλον ἵνα μὴ θλίβωσιν αὐτόν.
41,Mark,3,10,Mark 3:10,πολλοὺς γὰρ ἐθεράπευσεν ὥστε ἐπιπίπτειν αὐτῷ ἵνα αὐτοῦ ἅψωνται ὅσοι εἶχον μάστιγας.
41,Mark,3,11,Mark 3:11,"καὶ τὰ πνεύματα τὰ ἀκάθαρτα, ὅταν αὐτὸν ἐθεώρουν, προσέπιπτον αὐτῷ καὶ ἔκραζον λέγοντες ὅτι σὺ εἶ ὁ υἱὸς τοῦ θεοῦ."
41,Mark,3,12,Mark 3:12,καὶ πολλὰ ἐπετίμα αὐτοῖς ἵνα μὴ αὐτὸν φανερὸν ποιήσωσιν.¶
41,Mark,3,13,Mark 3:13,"Καὶ ἀναβαίνει εἰς τὸ ὄρος καὶ προσκαλεῖται οὓς ἤθελεν αὐτός, καὶ ἀπῆλθον πρὸς αὐτόν.¶"
41,Mark,3,14,Mark 3:14,Καὶ ἐποίησεν δώδεκα οὓς καὶ ἀποστόλους ὠνόμασεν ἵνα ὦσιν μετ᾽ (met᾽) αὐτοῦ καὶ ἵνα ἀποστέλλῃ αὐτοὺς κηρύσσειν
41,Mark,3,15,Mark 3:15,καὶ ἔχειν ἐξουσίαν θεραπεύειν τὰς νόσους καὶ ἐκβάλλειν τὰ δαιμόνια.
41,Mark,3,16,Mark 3:16,"καὶ ἐποίησεν τοὺς δώδεκα καὶ ἐπέθηκεν ὄνομα τῷ Σίμωνι Πέτρον,"
41,Mark,3,17,Mark 3:17,"καὶ Ἰάκωβον τὸν τοῦ Ζεβεδαίου καὶ Ἰωάννην τὸν ἀδελφὸν τοῦ Ἰακώβου, καὶ ἐπέθηκεν αὐτοῖς ὀνόματα Βοανηργές, ὅ ἐστιν υἱοὶ βροντῆς·"
41,Mark,3,18,Mark 3:18,καὶ Ἀνδρέαν καὶ Φίλιππον καὶ Βαρθολομαῖον καὶ Μαθθαῖον καὶ Θωμᾶν καὶ Ἰάκωβον τὸν τοῦ Ἁλφαίου καὶ Θαδδαῖον καὶ Σίμωνα τὸν Καναναῖον
41,Mark,3,19,Mark 3:19,καὶ Ἰούδαν Ἰσκαριὼθ ὃς καὶ παρέδωκεν αὐτόν.¶
41,Mark,3,20,Mark 3:20,καὶ συνέρχεται πάλιν ὁ ὄχλος ὥστε μὴ δύνασθαι αὐτοὺς μηδὲ ἄρτον φαγεῖν.
41,Mark,3,21,Mark 3:21,καὶ ἀκούσαντες οἱ παρ᾽ (par᾽) αὐτοῦ ἐξῆλθον κρατῆσαι αὐτόν· ἔλεγον γὰρ ὅτι ἐξέστη.
41,Mark,3,22,Mark 3:22,καὶ οἱ γραμματεῖς οἱ ἀπὸ Ἱεροσολύμων (Hi'erosolumōn) καταβάντες ἔλεγον ὅτι Βεελζεβοὺλ ἔχει καὶ ὅτι ἐν τῷ ἄρχοντι τῶν δαιμονίων ἐκβάλλει τὰ δαιμόνια.¶
41,Mark,3,23,Mark 3:23,Καὶ προσκαλεσάμενος αὐτοὺς ἐν παραβολαῖς ἔλεγεν αὐτοῖς· πῶς δύναται σατανᾶς σατανᾶν ἐκβάλλειν;
41,Mark,3,24,Mark 3:24,"καὶ ἐὰν βασιλεία ἐφ᾽ (eph᾽) ἑαυτὴν (he'autēn) μερισθῇ, οὐ δύναται σταθῆναι ἡ βασιλεία ἐκείνη·"
41,Mark,3,25,Mark 3:25,"καὶ ἐὰν οἰκία ἐφ᾽ (eph᾽) ἑαυτὴν (he'autēn) μερισθῇ, οὐ δυνήσεται ἡ οἰκία ἐκείνη σταθῆναι·"
41,Mark,3,26,Mark 3:26,"καὶ εἰ ὁ σατανᾶς ἀνέστη ἐφ᾽ (eph᾽) ἑαυτὸν (he'auton) καὶ ἐμερίσθη, οὐ δύναται στῆναι ἀλλὰ τέλος ἔχει."
41,Mark,3,27,Mark 3:27,"ἀλλ᾽ (all᾽) οὐ δύναται οὐδεὶς εἰς τὴν οἰκίαν τοῦ ἰσχυροῦ εἰσελθὼν τὰ σκεύη αὐτοῦ διαρπάσαι, ἐὰν μὴ πρῶτον τὸν ἰσχυρὸν δήσῃ, καὶ τότε τὴν οἰκίαν αὐτοῦ διαρπάσει.¶"
41,Mark,3,28,Mark 3:28,Ἀμὴν λέγω ὑμῖν ὅτι πάντα ἀφεθήσεται τοῖς υἱοῖς τῶν ἀνθρώπων τὰ ἁμαρτήματα καὶ αἱ βλασφημίαι ὅσα ἐὰν βλασφημήσωσιν·
41,Mark,3,29,Mark 3:29,"ὃς δ᾽ (d᾽) ἂν βλασφημήσῃ εἰς τὸ πνεῦμα τὸ ἅγιον, οὐκ ἔχει ἄφεσιν εἰς τὸν αἰῶνα, ἀλλ᾽ (all᾽) ἔνοχός ἐστιν αἰωνίου ἁμαρτήματος·"
41,Mark,3,30,Mark 3:30,ὅτι ἔλεγον· πνεῦμα ἀκάθαρτον ἔχει.¶
41,Mark,3,31,Mark 3:31,Καὶ ἔρχεται ἡ μήτηρ αὐτοῦ καὶ οἱ ἀδελφοὶ αὐτοῦ. καὶ ἔξω στήκοντες ἀπέστειλαν πρὸς αὐτὸν καλοῦντες αὐτόν.
41,Mark,3,32,Mark 3:32,"καὶ ἐκάθητο περὶ αὐτὸν ὄχλος, καὶ λέγουσιν δὲ αὐτῷ· ἰδοὺ ἡ μήτηρ σου καὶ οἱ ἀδελφοί σου καὶ αἱ ἀδελφαί σου ἔξω ζητοῦσίν σε.¶"
41,Mark,3,33,Mark 3:33,Καὶ ἀποκριθεὶς αὐτοῖς λέγει· τίς ἐστιν ἡ μήτηρ μου καὶ οἱ ἀδελφοί μου;
41,Mark,3,34,Mark 3:34,καὶ περιβλεψάμενος τοὺς περὶ αὐτὸν κύκλῳ καθημένους λέγει· ἴδε ἡ μήτηρ μου καὶ οἱ ἀδελφοί μου.
41,Mark,3,35,Mark 3:35,"ὃς γὰρ ἂν ποιήσῃ τὸ θέλημα τοῦ θεοῦ, οὗτος ἀδελφός μου καὶ ἀδελφὴ μου καὶ μήτηρ ἐστίν.¶"
41,Mark,4,1,Mark 4:1,"Καὶ πάλιν ἤρξατο διδάσκειν παρὰ τὴν θάλασσαν. καὶ συνάγεται πρὸς αὐτὸν ὄχλος πλεῖστος ὥστε αὐτὸν εἰς πλοῖον ἐμβάντα τὸ καθῆσθαι ἐν τῇ θαλάσσῃ, καὶ πᾶς ὁ ὄχλος πρὸς τὴν θάλασσαν ἐπὶ τῆς γῆς ἦσαν."
41,Mark,4,2,Mark 4:2,καὶ ἐδίδασκεν αὐτοὺς ἐν παραβολαῖς πολλὰ καὶ ἔλεγεν αὐτοῖς ἐν τῇ διδαχῇ αὐτοῦ·
41,Mark,4,3,Mark 4:3,Ἀκούετε.¶ Ἰδοὺ ἐξῆλθεν ὁ σπείρων τοῦ σπεῖραι·
41,Mark,4,4,Mark 4:4,"καὶ ἐγένετο ἐν τῷ σπείρειν, ὃ μὲν ἔπεσεν παρὰ τὴν ὁδόν, καὶ ἦλθεν τὰ πετεινὰ τοῦ οὐρανοῦ καὶ κατέφαγεν αὐτό."
41,Mark,4,5,Mark 4:5,"καὶ ἄλλο δὲ ἔπεσεν ἐπὶ τὸ πετρῶδες καὶ ὅπου οὐκ εἶχεν γῆν πολλήν, καὶ εὐθὺς ἐξανέτειλεν διὰ τὸ μὴ ἔχειν βάθος γῆς."
41,Mark,4,6,Mark 4:6,"καὶ ὅτε ἀνέτειλεν ὁ ἥλιος, ἐκαυματίσθη καὶ διὰ τὸ μὴ ἔχειν ῥίζαν ἐξηράνθη."
41,Mark,4,7,Mark 4:7,"καὶ ἄλλο ἔπεσεν εἰς τὰς ἀκάνθας, καὶ ἀνέβησαν αἱ ἄκανθαι καὶ συνέπνιξαν αὐτό, καὶ καρπὸν οὐκ ἔδωκεν."
41,Mark,4,8,Mark 4:8,καὶ ἄλλα ἔπεσεν εἰς τὴν γῆν τὴν καλὴν καὶ ἐδίδου καρπὸν ἀναβαίνοντα καὶ αὐξανόμενα καὶ ἔφερεν ἓν τριάκοντα καὶ ἓν ἑξήκοντα καὶ ἓν ἑκατόν.
41,Mark,4,9,Mark 4:9,καὶ ἔλεγεν αὐτοῖς· ὃς ἔχει ὦτα ἀκούειν ἀκουέτω.¶
41,Mark,4,10,Mark 4:10,"Καὶ ὅτε δὲ ἐγένετο κατὰ μόνας, ἠρώτων αὐτὸν οἱ περὶ αὐτὸν σὺν τοῖς δώδεκα τὰς παραβολάς."
41,Mark,4,11,Mark 4:11,"καὶ ἔλεγεν αὐτοῖς· ὑμῖν γνῶναι τὸ μυστήριον δέδοται τῆς βασιλείας τοῦ θεοῦ, ἐκείνοις δὲ τοῖς ἔξω ἐν παραβολαῖς τὰ πάντα γίνεται"
41,Mark,4,12,Mark 4:12,ἵνα βλέποντες βλέπωσιν καὶ μὴ ἴδωσιν καὶ ἀκούοντες ἀκούωσιν καὶ μὴ συνιῶσιν μήποτε ἐπιστρέψωσιν καὶ ἀφεθῇ αὐτοῖς τὰ ἁμαρτήματα.¶
41,Mark,4,13,Mark 4:13,Καὶ λέγει αὐτοῖς· οὐκ οἴδατε τὴν παραβολὴν ταύτην; καὶ πῶς πάσας τὰς παραβολὰς γνώσεσθε;
41,Mark,4,14,Mark 4:14,ὁ σπείρων τὸν λόγον σπείρει.
41,Mark,4,15,Mark 4:15,"οὗτοι δέ εἰσιν οἱ παρὰ τὴν ὁδὸν ὅπου σπείρεται ὁ λόγος, καὶ ὅταν ἀκούσωσιν, εὐθὺς ἔρχεται ὁ σατανᾶς καὶ αἴρει τὸν λόγον τὸν ἐσπαρμένον εἰς ταῖς καρδίαις αὐτούς."
41,Mark,4,16,Mark 4:16,"καὶ οὗτοί εἰσιν ὁμοίως οἱ ἐπὶ τὰ πετρώδη σπειρόμενοι, οἳ ὅταν ἀκούσωσιν τὸν λόγον, εὐθὺς μετὰ χαρᾶς λαμβάνουσιν αὐτὸν"
41,Mark,4,17,Mark 4:17,"καὶ οὐκ ἔχουσιν ῥίζαν ἐν ἑαυτοῖς (he'autois) ἀλλὰ πρόσκαιροί εἰσιν. εἶτα γενομένης θλίψεως ἢ διωγμοῦ διὰ τὸν λόγον, εὐθὺς σκανδαλίζονται."
41,Mark,4,18,Mark 4:18,"καὶ ἄλλοι εἰσὶν οἱ εἰς τὰς ἀκάνθας σπειρόμενοι· οὗτοί εἰσιν οἱ τὸν λόγον ἀκούσαντες,"
41,Mark,4,19,Mark 4:19,"καὶ αἱ μέριμναι τοῦ αἰῶνος τούτου καὶ ἡ ἀπάτη τοῦ πλούτου καὶ αἱ περὶ τὰ λοιπὰ ἐπιθυμίαι εἰσπορευόμεναι συμπνίγουσιν τὸν λόγον, καὶ ἄκαρπος γίνεται."
41,Mark,4,20,Mark 4:20,"καὶ ἐκεῖνοί εἰσιν οἱ ἐπὶ τὴν γῆν τὴν καλὴν σπαρέντες, οἵτινες ἀκούουσιν τὸν λόγον καὶ παραδέχονται καὶ καρποφοροῦσιν ἓν τριάκοντα καὶ ἓν ἑξήκοντα καὶ ἓν ἑκατόν.¶"
41,Mark,4,21,Mark 4:21,Καὶ ἔλεγεν αὐτοῖς ὅτι· μήτι ἔρχεται ὁ λύχνος ἵνα ὑπὸ τὸν μόδιον τεθῇ ἢ ὑπὸ τὴν κλίνην; οὐχ ἵνα ἐπὶ τὴν λυχνίαν τεθῇ;
41,Mark,4,22,Mark 4:22,"οὐ γάρ ἐστιν τί κρυπτόν ὃ ἐὰν μὴ ἵνα φανερωθῇ, οὐδὲ ἐγένετο ἀπόκρυφον ἀλλ᾽ (all᾽) ἵνα ἔλθῃ εἰς φανερόν."
41,Mark,4,23,Mark 4:23,εἴ τις ἔχει ὦτα ἀκούειν ἀκουέτω.¶
41,Mark,4,24,Mark 4:24,Καὶ ἔλεγεν αὐτοῖς· βλέπετε τί ἀκούετε. ἐν ᾧ μέτρῳ μετρεῖτε μετρηθήσεται ὑμῖν καὶ προστεθήσεται ὑμῖν τοῖς ἀκούουσιν.
41,Mark,4,25,Mark 4:25,"ὃς γὰρ ἂν ἔχει, δοθήσεται αὐτῷ· καὶ ὃς οὐκ ἔχει, καὶ ὃ ἔχει ἀρθήσεται ἀπ᾽ (ap᾽) αὐτοῦ.¶"
41,Mark,4,26,Mark 4:26,"Καὶ ἔλεγεν· οὕτως ἐστὶν ἡ βασιλεία τοῦ θεοῦ, ὡς ἐὰν ἄνθρωπος βάλῃ τὸν σπόρον ἐπὶ τῆς γῆς"
41,Mark,4,27,Mark 4:27,"καὶ καθεύδῃ καὶ ἐγείρηται νύκτα καὶ ἡμέραν, καὶ ὁ σπόρος βλαστᾷ καὶ μηκύνηται ὡς οὐκ οἶδεν αὐτός."
41,Mark,4,28,Mark 4:28,αὐτομάτη γὰρ ἡ γῆ καρποφορεῖ πρῶτον χόρτον εἶτα στάχυν εἶτα πλήρης σῖτον ἐν τῷ στάχυϊ.
41,Mark,4,29,Mark 4:29,"ὅταν δὲ παραδοῖ ὁ καρπός, εὐθὺς ἀποστέλλει τὸ δρέπανον ὅτι παρέστηκεν ὁ θερισμός.¶"
41,Mark,4,30,Mark 4:30,Καὶ ἔλεγεν· πῶς ὁμοιώσωμεν τὴν βασιλείαν τοῦ θεοῦ ἢ ἐν τίνι αὐτὴν παραβολῇ θῶμεν;
41,Mark,4,31,Mark 4:31,"ὡς κόκκῳ σινάπεως ὃς ὅταν σπαρῇ ἐπὶ τῆς γῆς, μικρότερον ὂν πάντων τῶν σπερμάτων τῶν ἐπὶ τῆς γῆς."
41,Mark,4,32,Mark 4:32,"καὶ ὅταν σπαρῇ, ἀναβαίνει καὶ γίνεται μεῖζον πάντων τῶν λαχάνων καὶ ποιεῖ κλάδους μεγάλους ὥστε δύνασθαι ὑπὸ τὴν σκιὰν αὐτοῦ τὰ πετεινὰ τοῦ οὐρανοῦ κατασκηνοῦν.¶"
41,Mark,4,33,Mark 4:33,Καὶ τοιαύταις παραβολαῖς πολλαῖς ἐλάλει αὐτοῖς τὸν λόγον καθὼς ἠδύναντο ἀκούειν.
41,Mark,4,34,Mark 4:34,χωρὶς δὲ παραβολῆς οὐκ ἐλάλει αὐτοῖς· κατ᾽ (kat᾽) ἰδίαν δὲ τοῖς ἰδίοις μαθηταῖς ἐπέλυεν πάντα.¶
41,Mark,4,35,Mark 4:35,Καὶ λέγει αὐτοῖς ἐν ἐκείνῃ τῇ ἡμέρᾳ ὀψίας γενομένης· διέλθωμεν εἰς τὸ πέραν.
41,Mark,4,36,Mark 4:36,"καὶ ἀφέντες τὸν ὄχλον παραλαμβάνουσιν αὐτὸν ὡς ἦν ἐν τῷ πλοίῳ, καὶ ἄλλα δὲ πλοῖα ἦν μετ᾽ (met᾽) αὐτοῦ."
41,Mark,4,37,Mark 4:37,"καὶ γίνεται λαῖλαψ μεγάλη ἀνέμου, καὶ τὰ δὲ κύματα ἐπέβαλλεν εἰς τὸ πλοῖον ὥστε ἤδη γεμίζεσθαι τὸ πλοῖον."
41,Mark,4,38,Mark 4:38,"καὶ αὐτὸς ἦν ἐν τῇ πρύμνῃ ἐπὶ τὸ προσκεφάλαιον καθεύδων. καὶ ἐγείρουσιν αὐτὸν καὶ λέγουσιν αὐτῷ· διδάσκαλε, οὐ μέλει σοι ὅτι ἀπολλύμεθα;"
41,Mark,4,39,Mark 4:39,"καὶ διεγερθεὶς ἐπετίμησεν τῷ ἀνέμῳ καὶ εἶπεν τῇ θαλάσσῃ· σιώπα, πεφίμωσο. καὶ ἐκόπασεν ὁ ἄνεμος, καὶ ἐγένετο γαλήνη μεγάλη.¶"
41,Mark,4,40,Mark 4:40,Καὶ εἶπεν αὐτοῖς· τί δειλοί ἐστε; οὔπω πῶς οὐκ ἔχετε πίστιν;
41,Mark,4,41,Mark 4:41,καὶ ἐφοβήθησαν φόβον μέγαν καὶ ἔλεγον πρὸς ἀλλήλους· τίς ἄρα οὗτός ἐστιν ὅτι καὶ ὁ ἄνεμος καὶ ἡ θάλασσα ὑπακούει αὐτῷ;¶
41,Mark,5,1,Mark 5:1,Καὶ ἦλθον εἰς τὸ πέραν τῆς θαλάσσης εἰς τὴν χώραν τῶν Γερασηνῶν.¶
41,Mark,5,2,Mark 5:2,Καὶ ἐξελθόντος αὐτοῦ ἐκ τοῦ πλοίου εὐθὺς ὑπήντησεν αὐτῷ ἐκ τῶν μνημείων ἄνθρωπος ἐν πνεύματι ἀκαθάρτῳ
41,Mark,5,3,Mark 5:3,ὃς τὴν κατοίκησιν εἶχεν ἐν τοῖς μνήμασιν. καὶ οὐδὲ ἁλύσει οὐκέτι οὐδεὶς ἐδύνατο αὐτὸν δῆσαι
41,Mark,5,4,Mark 5:4,"διὰ τὸ αὐτὸν πολλάκις πέδαις καὶ ἁλύσεσιν δεδέσθαι καὶ διεσπάσθαι ὑπ᾽ (hup᾽) αὐτοῦ τὰς ἁλύσεις καὶ τὰς πέδας συντετρῖφθαι, καὶ οὐδεὶς ἴσχυεν αὐτὸν δαμάσαι."
41,Mark,5,5,Mark 5:5,καὶ διὰ παντὸς νυκτὸς καὶ ἡμέρας ἐν τοῖς μνήμασιν καὶ ἐν τοῖς ὄρεσιν ἦν κράζων καὶ κατακόπτων ἑαυτὸν (he'auton) λίθοις.¶
41,Mark,5,6,Mark 5:6,Καὶ ἰδὼν δὲ τὸν Ἰησοῦν ἀπὸ μακρόθεν ἔδραμεν καὶ προσεκύνησεν αὐτῷ
41,Mark,5,7,Mark 5:7,"καὶ κράξας φωνῇ μεγάλῃ λέγει· τί ἐμοὶ καὶ σοί, Ἰησοῦ, υἱὲ τοῦ θεοῦ τοῦ ὑψίστου; ὁρκίζω σε τὸν θεόν, μή με βασανίσῃς."
41,Mark,5,8,Mark 5:8,ἔλεγεν γὰρ αὐτῷ· ἔξελθε τὸ πνεῦμα τὸ ἀκάθαρτον ἐκ τοῦ ἀνθρώπου.¶
41,Mark,5,9,Mark 5:9,Καὶ ἐπηρώτα αὐτόν· τί ὄνομά σοι; καὶ ἀπεκρίθη λέγει αὐτῷ· λεγιὼν ὄνομά μοι ὅτι πολλοί ἐσμεν.
41,Mark,5,10,Mark 5:10,καὶ παρεκάλει αὐτὸν πολλὰ ἵνα μὴ αὐτὰ ἀποστείλῃ ἔξω τῆς χώρας.
41,Mark,5,11,Mark 5:11,ἦν δὲ ἐκεῖ πρὸς τῷ ὄρει ἀγέλη χοίρων μεγάλη βοσκομένη·
41,Mark,5,12,Mark 5:12,καὶ παρεκάλεσαν αὐτὸν πάντες οἱ δαίμονες λέγοντες· πέμψον ἡμᾶς εἰς τοὺς χοίρους ἵνα εἰς αὐτοὺς εἰσέλθωμεν.
41,Mark,5,13,Mark 5:13,"καὶ ἐπέτρεψεν αὐτοῖς εὐθέως ὁ Ἰησοῦς. καὶ ἐξελθόντα τὰ πνεύματα τὰ ἀκάθαρτα εἰσῆλθον εἰς τοὺς χοίρους, καὶ ὥρμησεν ἡ ἀγέλη κατὰ τοῦ κρημνοῦ εἰς τὴν θάλασσαν ἦσαν δὲ ὡς δισχίλιοι καὶ ἐπνίγοντο ἐν τῇ θαλάσσῃ."
41,Mark,5,14,Mark 5:14,καὶ οἱ δὲ βόσκοντες αὐτοὺς χοίρους ἔφυγον καὶ ἀπήγγειλαν εἰς τὴν πόλιν καὶ εἰς τοὺς ἀγρούς. καὶ ἦλθον ἰδεῖν τί ἐστιν τὸ γεγονός.¶
41,Mark,5,15,Mark 5:15,"Καὶ ἔρχονται πρὸς τὸν Ἰησοῦν καὶ θεωροῦσιν τὸν δαιμονιζόμενον καθήμενον καὶ ἱματισμένον καὶ σωφρονοῦντα, τὸν ἐσχηκότα τὸν λεγιῶνα, καὶ ἐφοβήθησαν."
41,Mark,5,16,Mark 5:16,καὶ διηγήσαντο δὲ αὐτοῖς οἱ ἰδόντες πῶς ἐγένετο τῷ δαιμονιζομένῳ καὶ περὶ τῶν χοίρων.
41,Mark,5,17,Mark 5:17,καὶ ἤρξαντο παρακαλεῖν αὐτὸν ἀπελθεῖν ἀπὸ τῶν ὁρίων αὐτῶν.¶
41,Mark,5,18,Mark 5:18,Καὶ ἐμβαίνοντος αὐτοῦ εἰς τὸ πλοῖον παρεκάλει αὐτὸν ὁ δαιμονισθεὶς ἵνα μετ᾽ (met᾽) αὐτοῦ ᾖ.
41,Mark,5,19,Mark 5:19,"καὶ ὁ δὲ Ἰησοῦς οὐκ ἀφῆκεν αὐτόν, ἀλλὰ λέγει αὐτῷ· ὕπαγε εἰς τὸν οἶκόν σου πρὸς τοὺς σοὺς καὶ ἀπάγγειλον αὐτοῖς ὅσα ὁ κύριός σοι πεποίηκεν καὶ ἠλέησέν σε.¶"
41,Mark,5,20,Mark 5:20,Καὶ ἀπῆλθεν καὶ ἤρξατο κηρύσσειν ἐν τῇ Δεκαπόλει ὅσα ἐποίησεν αὐτῷ ὁ Ἰησοῦς· καὶ πάντες ἐθαύμαζον.¶
41,Mark,5,21,Mark 5:21,"Καὶ διαπεράσαντος τοῦ Ἰησοῦ ἐν τῷ πλοίῳ πάλιν εἰς τὸ πέραν συνήχθη ὄχλος πολὺς ἐπ᾽ (ep᾽) αὐτόν, καὶ ἦν παρὰ τὴν θάλασσαν.¶"
41,Mark,5,22,Mark 5:22,"Καὶ ἰδού ἔρχεται εἷς τῶν ἀρχισυναγώγων, ὀνόματι Ἰάϊρος· καὶ ἰδὼν αὐτὸν πίπτει πρὸς τοὺς πόδας αὐτοῦ"
41,Mark,5,23,Mark 5:23,"καὶ παρακαλεῖ αὐτὸν πολλὰ λέγων ὅτι τὸ θυγάτριόν μου ἐσχάτως ἔχει, ἵνα ἐλθὼν ἐπιθῇς τὰς χεῖρας αὐτῇ ἵνα σωθῇ καὶ ζήσῃ.¶"
41,Mark,5,24,Mark 5:24,"Καὶ ἀπῆλθεν μετ᾽ (met᾽) αὐτοῦ, καὶ ἠκολούθει αὐτῷ ὄχλος πολὺς καὶ συνέθλιβον αὐτόν.¶"
41,Mark,5,25,Mark 5:25,Καὶ γυνὴ τις οὖσα ἐν ῥύσει αἵματος δώδεκα ἔτη
41,Mark,5,26,Mark 5:26,"καὶ πολλὰ παθοῦσα ὑπὸ πολλῶν ἰατρῶν καὶ δαπανήσασα τὰ παρ᾽ (par᾽) αὐτῆς πάντα καὶ μηδὲν ὠφεληθεῖσα ἀλλὰ μᾶλλον εἰς τὸ χεῖρον ἐλθοῦσα,"
41,Mark,5,27,Mark 5:27,"ἀκούσασα τὰ περὶ τοῦ Ἰησοῦ, ἐλθοῦσα ἐν τῷ ὄχλῳ ὄπισθεν ἥψατο τοῦ ἱματίου αὐτοῦ·"
41,Mark,5,28,Mark 5:28,ἔλεγεν γὰρ ὅτι ἐὰν ἅψωμαι κἂν τῶν ἱματίων αὐτοῦ σωθήσομαι.¶
41,Mark,5,29,Mark 5:29,Καὶ εὐθὺς ἐξηράνθη ἡ πηγὴ τοῦ αἵματος αὐτῆς καὶ ἔγνω τῷ σώματι ὅτι ἴαται ἀπὸ τῆς μάστιγος.¶
41,Mark,5,30,Mark 5:30,"Καὶ εὐθὺς ὁ Ἰησοῦς ἐπιγνοὺς ἐν ἑαυτῷ (he'autō) τὴν ἐξ αὐτοῦ δύναμιν ἐξελθοῦσαν, ἐπιστραφεὶς ἐν τῷ ὄχλῳ ἔλεγεν· τίς μου ἥψατο τῶν ἱματίων;¶"
41,Mark,5,31,Mark 5:31,Καὶ ἔλεγον αὐτῷ οἱ μαθηταὶ αὐτοῦ· βλέπεις τὸν ὄχλον συνθλίβοντά σε καὶ λέγεις· τίς μου ἥψατο;
41,Mark,5,32,Mark 5:32,καὶ περιεβλέπετο ἰδεῖν τὴν τοῦτο ποιήσασαν.¶
41,Mark,5,33,Mark 5:33,"Ἡ δὲ γυνὴ φοβηθεῖσα καὶ τρέμουσα, εἰδυῖα ὃ γέγονεν ἐπ᾽ (ep᾽) αὐτῇ, ἦλθεν καὶ προσέπεσεν αὐτῷ καὶ εἶπεν αὐτῷ πᾶσαν τὴν ἀλήθειαν.¶"
41,Mark,5,34,Mark 5:34,"Ὁ δὲ εἶπεν αὐτῇ· θυγάτηρ, ἡ πίστις σου σέσωκέν σε. ὕπαγε εἰς εἰρήνην καὶ ἴσθι ὑγιὴς ἀπὸ τῆς μάστιγός σου."
41,Mark,5,35,Mark 5:35,ἔτι αὐτοῦ λαλοῦντος ἔρχονται ἀπὸ τοῦ ἀρχισυναγώγου λέγοντες ὅτι ἡ θυγάτηρ σου ἀπέθανεν· τί ἔτι σκύλλεις τὸν διδάσκαλον;¶
41,Mark,5,36,Mark 5:36,"Ὁ δὲ Ἰησοῦς εὐθέως παρακούσας τὸν λόγον λαλούμενον λέγει τῷ ἀρχισυναγώγῳ· μὴ φοβοῦ, μόνον πίστευε."
41,Mark,5,37,Mark 5:37,καὶ οὐκ ἀφῆκεν οὐδένα μετ᾽ (met᾽) αὐτοῦ συνακολουθῆσαι εἰ μὴ τὸν Πέτρον καὶ Ἰάκωβον καὶ Ἰωάννην τὸν ἀδελφὸν Ἰακώβου.¶
41,Mark,5,38,Mark 5:38,"Καὶ ἔρχονται εἰς τὸν οἶκον τοῦ ἀρχισυναγώγου. καὶ θεωρεῖ θόρυβον καὶ κλαίοντας καὶ ἀλαλάζοντας πολλά,"
41,Mark,5,39,Mark 5:39,καὶ εἰσελθὼν λέγει αὐτοῖς· τί θορυβεῖσθε καὶ κλαίετε; τὸ παιδίον οὐκ ἀπέθανεν ἀλλὰ καθεύδει.
41,Mark,5,40,Mark 5:40,καὶ κατεγέλων αὐτοῦ.¶ Αὐτὸς δὲ ἐκβαλὼν πάντας παραλαμβάνει τὸν πατέρα τοῦ παιδίου καὶ τὴν μητέρα καὶ τοὺς μετ᾽ (met᾽) αὐτοῦ καὶ εἰσπορεύεται ὅπου ἦν τὸ παιδίον ἀνακείμενον.
41,Mark,5,41,Mark 5:41,"καὶ κρατήσας τῆς χειρὸς τοῦ παιδίου λέγει αὐτῇ· ταλιθα κουμ, ὅ ἐστιν μεθερμηνευόμενον, τὸ κοράσιον, σοὶ λέγω, ἔγειρε."
41,Mark,5,42,Mark 5:42,καὶ εὐθὺς ἀνέστη τὸ κοράσιον καὶ περιεπάτει· ἦν γὰρ ἐτῶν δώδεκα. καὶ ἐξέστησαν εὐθὺς ἐκστάσει μεγάλῃ.
41,Mark,5,43,Mark 5:43,"καὶ διεστείλατο αὐτοῖς πολλὰ ἵνα μηδεὶς γνοῖ τοῦτο, καὶ εἶπεν δοθῆναι αὐτῇ φαγεῖν.¶"
41,Mark,6,1,Mark 6:1,"Καὶ ἐξῆλθεν ἐκεῖθεν καὶ ἔρχεται εἰς τὴν πατρίδα αὐτοῦ, καὶ ἀκολουθοῦσιν αὐτῷ οἱ μαθηταὶ αὐτοῦ."
41,Mark,6,2,Mark 6:2,"καὶ γενομένου σαββάτου ἤρξατο διδάσκειν ἐν τῇ συναγωγῇ· καὶ οἱ πολλοὶ ἀκούοντες ἐξεπλήσσοντο λέγοντες· πόθεν τούτῳ ταῦτα, καὶ τίς ἡ σοφία ἡ δοθεῖσα τούτῳ ὅτι καὶ αἱ δυνάμεις τοιαῦται διὰ τῶν χειρῶν αὐτοῦ γινόμεναι;"
41,Mark,6,3,Mark 6:3,"οὐχ οὗτός ἐστιν ὁ τέκτων, ὁ υἱὸς τῆς Μαρίας καὶ ἀδελφὸς δὲ Ἰακώβου καὶ Ἰωσῆτος καὶ Ἰούδα καὶ Σίμωνος; καὶ οὐκ εἰσὶν αἱ ἀδελφαὶ αὐτοῦ ὧδε πρὸς ἡμᾶς; καὶ ἐσκανδαλίζοντο ἐν αὐτῷ.¶"
41,Mark,6,4,Mark 6:4,Καὶ ἔλεγεν δὲ αὐτοῖς ὁ Ἰησοῦς ὅτι οὐκ ἔστιν προφήτης ἄτιμος εἰ μὴ ἐν τῇ πατρίδι αὐτοῦ καὶ ἐν τοῖς συγγενεῦσιν αὐτοῦ καὶ ἐν τῇ οἰκίᾳ αὐτοῦ.
41,Mark,6,5,Mark 6:5,"καὶ οὐκ ἐδύνατο ἐκεῖ ποιῆσαι οὐδεμίαν δύναμιν, εἰ μὴ ὀλίγοις ἀρρώστοις ἐπιθεὶς τὰς χεῖρας ἐθεράπευσεν."
41,Mark,6,6,Mark 6:6,καὶ ἐθαύμαζεν διὰ τὴν ἀπιστίαν αὐτῶν. καὶ περιῆγεν τὰς κώμας κύκλῳ διδάσκων.¶
41,Mark,6,7,Mark 6:7,Καὶ προσκαλεῖται τοὺς δώδεκα καὶ ἤρξατο αὐτοὺς ἀποστέλλειν δύο δύο καὶ ἐδίδου αὐτοῖς ἐξουσίαν τῶν πνευμάτων τῶν ἀκαθάρτων
41,Mark,6,8,Mark 6:8,"καὶ παρήγγειλεν αὐτοῖς ἵνα μηδὲν αἴρωσιν εἰς ὁδὸν εἰ μὴ ῥάβδον μόνον, μὴ ἄρτον, μὴ πήραν, μὴ εἰς τὴν ζώνην χαλκόν,"
41,Mark,6,9,Mark 6:9,"ἀλλ᾽ (all᾽) ὑποδεδεμένους σανδάλια, καὶ μὴ ἐνδύσησθε δύο χιτῶνας."
41,Mark,6,10,Mark 6:10,"καὶ ἔλεγεν αὐτοῖς· ὅπου ἐὰν εἰσέλθητε εἰς οἰκίαν, ἐκεῖ μένετε ἕως (he'ōs) ἂν ἐξέλθητε ἐκεῖθεν."
41,Mark,6,11,Mark 6:11,"καὶ ὃς ἂν τόπος μὴ δέξηται ὑμᾶς μηδὲ ἀκούσωσιν ὑμῶν, ἐκπορευόμενοι ἐκεῖθεν ἐκτινάξατε τὸν χοῦν τὸν ὑποκάτω τῶν ποδῶν ὑμῶν εἰς μαρτύριον αὐτοῖς.¶ Ἀμὴν λέγω ὑμῖν, ἀνεκτότερον ἔσται Σοδόμοις ἢ Γομόρροις ἐν ἡμέρᾳ κρίσεως, ἢ τῇ πόλει ἐκείνῃ."
41,Mark,6,12,Mark 6:12,"Καὶ ἐξελθόντες ἐκήρυξαν ἵνα μετανοῶσιν,"
41,Mark,6,13,Mark 6:13,καὶ δαιμόνια πολλὰ ἐξέβαλλον καὶ ἤλειφον ἐλαίῳ πολλοὺς ἀρρώστους καὶ ἐθεράπευον.¶
41,Mark,6,14,Mark 6:14,"Καὶ ἤκουσεν ὁ βασιλεὺς Ἡρῴδης· φανερὸν γὰρ ἐγένετο τὸ ὄνομα αὐτοῦ. καὶ ἔλεγον ὅτι Ἰωάννης ὁ βαπτίζων ἐγήγερται ἐκ νεκρῶν, καὶ διὰ τοῦτο ἐνεργοῦσιν αἱ δυνάμεις ἐν αὐτῷ."
41,Mark,6,15,Mark 6:15,ἄλλοι δὲ ἔλεγον ὅτι Ἠλίας ἐστίν· ἄλλοι δὲ ἔλεγον ὅτι προφήτης ἐστίν ἢ ὡς εἷς τῶν προφητῶν.
41,Mark,6,16,Mark 6:16,"ἀκούσας δὲ ὁ Ἡρῴδης ἔλεγεν ὅτι· ὃν ἐγὼ ἀπεκεφάλισα Ἰωάννην, οὗτος ἐστιν αὐτὸς ἠγέρθη ἐκ νεκρῶν."
41,Mark,6,17,Mark 6:17,αὐτὸς γὰρ ὁ Ἡρῴδης ἀποστείλας ἐκράτησεν τὸν Ἰωάννην καὶ ἔδησεν αὐτὸν ἐν τῇ φυλακῇ διὰ Ἡρῳδιάδα τὴν γυναῖκα Φιλίππου τοῦ ἀδελφοῦ αὐτοῦ ὅτι αὐτὴν ἐγάμησεν·
41,Mark,6,18,Mark 6:18,ἔλεγεν γὰρ ὁ Ἰωάννης τῷ Ἡρῴδῃ ὅτι οὐκ ἔξεστίν σοι ἔχειν τὴν γυναῖκα τοῦ ἀδελφοῦ σου.
41,Mark,6,19,Mark 6:19,ἡ δὲ Ἡρῳδιὰς ἐνεῖχεν αὐτῷ καὶ ἤθελεν αὐτὸν ἀποκτεῖναι καὶ οὐκ ἠδύνατο·
41,Mark,6,20,Mark 6:20,"ὁ γὰρ Ἡρῴδης ἐφοβεῖτο τὸν Ἰωάννην εἰδὼς αὐτὸν ἄνδρα δίκαιον καὶ ἅγιον καὶ συνετήρει αὐτόν. καὶ ἀκούσας αὐτοῦ πολλὰ ἠπόρει, καὶ ἡδέως αὐτοῦ ἤκουεν.¶"
41,Mark,6,21,Mark 6:21,Καὶ γενομένης ἡμέρας εὐκαίρου ὅτε Ἡρῴδης τοῖς γενεσίοις αὐτοῦ δεῖπνον ἐποίησεν τοῖς μεγιστᾶσιν αὐτοῦ καὶ τοῖς χιλιάρχοις καὶ τοῖς πρώτοις τῆς Γαλιλαίας
41,Mark,6,22,Mark 6:22,"καὶ εἰσελθούσης τῆς θυγατρὸς αὐτοῦ τῆς Ἡρῳδιάδος καὶ ὀρχησαμένης καὶ ἤρεσεν τῷ Ἡρῴδῃ καὶ τοῖς συνανακειμένοις εἶπεν ὁ δὲ βασιλεὺς τῷ κορασίῳ· αἴτησόν με ὃ ἐὰν θέλῃς, καὶ δώσω σοι."
41,Mark,6,23,Mark 6:23,καὶ ὤμοσεν αὐτῇ πολλὰ ὅ τι ἐάν με αἰτήσῃς δώσω σοι ἕως (he'ōs) ἡμίσους τῆς βασιλείας μου.¶
41,Mark,6,24,Mark 6:24,Καὶ Ἡ δὲ ἐξελθοῦσα εἶπεν τῇ μητρὶ αὐτῆς· τί αἰτήσωμαι; ἡ δὲ εἶπεν· τὴν κεφαλὴν Ἰωάννου τοῦ βαπτίζοντος.
41,Mark,6,25,Mark 6:25,καὶ εἰσελθοῦσα εὐθὺς μετὰ σπουδῆς πρὸς τὸν βασιλέα ᾐτήσατο λέγουσα· θέλω ἵνα ἐξαυτῆς δῷς μοι ἐπὶ πίνακι τὴν κεφαλὴν Ἰωάννου τοῦ βαπτιστοῦ.
41,Mark,6,26,Mark 6:26,καὶ περίλυπος γενόμενος ὁ βασιλεὺς διὰ τοὺς ὅρκους καὶ τοὺς ἀνακειμένους οὐκ ἠθέλησεν ἀθετῆσαι αὐτήν.
41,Mark,6,27,Mark 6:27,καὶ εὐθὺς ἀποστείλας ὁ βασιλεὺς σπεκουλάτορα ἐπέταξεν ἐνέγκαι τὴν κεφαλὴν αὐτοῦ. ὁ καὶ ἀπελθὼν ἀπεκεφάλισεν αὐτὸν ἐν τῇ φυλακῇ
41,Mark,6,28,Mark 6:28,"καὶ ἤνεγκεν τὴν κεφαλὴν αὐτοῦ ἐπὶ πίνακι καὶ ἔδωκεν αὐτὴν τῷ κορασίῳ, καὶ τὸ κοράσιον ἔδωκεν αὐτὴν τῇ μητρὶ αὐτῆς.¶"
41,Mark,6,29,Mark 6:29,Καὶ ἀκούσαντες οἱ μαθηταὶ αὐτοῦ ἦλθον καὶ ἦραν τὸ πτῶμα αὐτοῦ καὶ ἔθηκαν αὐτὸ ἐν τῷ μνημείῳ.¶
41,Mark,6,30,Mark 6:30,Καὶ συνάγονται οἱ ἀπόστολοι πρὸς τὸν Ἰησοῦν καὶ ἀπήγγειλαν αὐτῷ πάντα καὶ ὅσα ἐποίησαν καὶ ὅσα ἐδίδαξαν.
41,Mark,6,31,Mark 6:31,"καὶ λέγει αὐτοῖς· δεῦτε ὑμεῖς αὐτοὶ κατ᾽ (kat᾽) ἰδίαν εἰς ἔρημον τόπον καὶ ἀναπαύσασθε ὀλίγον· ἦσαν γὰρ οἱ ἐρχόμενοι καὶ οἱ ὑπάγοντες πολλοί, καὶ οὐδὲ φαγεῖν εὐκαίρουν.¶"
41,Mark,6,32,Mark 6:32,Καὶ ἀπῆλθον ἐν τῷ πλοίῳ εἰς ἔρημον τόπον κατ᾽ (kat᾽) ἰδίαν.
41,Mark,6,33,Mark 6:33,"καὶ εἶδον αὐτοὺς ὑπάγοντας οἱ ὄχλοι, καὶ ἐπέγνωσαν αὐτὸν πολλοὶ καὶ πεζῇ ἀπὸ πασῶν τῶν πόλεων συνέδραμον ἐκεῖ καὶ προῆλθον αὐτούς καὶ συνῆλθον πρὸς αὐτόν."
41,Mark,6,34,Mark 6:34,καὶ ἐξελθὼν εἶδεν ὁ Ἰησοῦς πολὺν ὄχλον καὶ ἐσπλαγχνίσθη ἐπ᾽ (ep᾽) αὐτοὺς ὅτι ἦσαν ὡς πρόβατα μὴ ἔχοντα ποιμένα. καὶ ἤρξατο διδάσκειν αὐτοὺς πολλά.¶
41,Mark,6,35,Mark 6:35,"Καὶ ἤδη ὥρας πολλῆς γενομένης προσελθόντες αὐτῷ οἱ μαθηταὶ αὐτοῦ ἔλεγον ὅτι ἔρημός ἐστιν ὁ τόπος, καὶ ἤδη ὥρα πολλή·"
41,Mark,6,36,Mark 6:36,ἀπόλυσον αὐτοὺς ἵνα ἀπελθόντες εἰς τοὺς κύκλῳ ἀγροὺς καὶ κώμας ἀγοράσωσιν ἑαυτοῖς (he'autois) τί ἄρτους γὰρ φάγωσιν οὐκ ἔχουσιν.
41,Mark,6,37,Mark 6:37,ὁ δὲ ἀποκριθεὶς εἶπεν αὐτοῖς· δότε αὐτοῖς ὑμεῖς φαγεῖν. καὶ λέγουσιν αὐτῷ· ἀπελθόντες ἀγοράσωμεν δηναρίων διακοσίων ἄρτους καὶ δώσομεν αὐτοῖς φαγεῖν;¶
41,Mark,6,38,Mark 6:38,Ὁ δὲ λέγει αὐτοῖς· πόσους ἄρτους ἔχετε; ὑπάγετε καὶ ἴδετε. καὶ γνόντες λέγουσιν· πέντε καὶ δύο ἰχθύας.
41,Mark,6,39,Mark 6:39,καὶ ἐπέταξεν αὐτοῖς ἀνακλῖναι πάντας συμπόσια συμπόσια ἐπὶ τῷ χλωρῷ χόρτῳ.
41,Mark,6,40,Mark 6:40,καὶ ἀνέπεσαν πρασιαὶ πρασιαὶ κατὰ ἑκατὸν καὶ κατὰ πεντήκοντα.
41,Mark,6,41,Mark 6:41,"καὶ λαβὼν τοὺς πέντε ἄρτους καὶ τοὺς δύο ἰχθύας, ἀναβλέψας εἰς τὸν οὐρανὸν εὐλόγησεν καὶ κατέκλασεν τοὺς ἄρτους καὶ ἐδίδου τοῖς μαθηταῖς αὐτοῦ ἵνα παρατιθῶσιν αὐτοῖς, καὶ τοὺς δύο ἰχθύας ἐμέρισεν πᾶσιν."
41,Mark,6,42,Mark 6:42,"καὶ ἔφαγον πάντες καὶ ἐχορτάσθησαν,"
41,Mark,6,43,Mark 6:43,καὶ ἦραν κλάσματα δώδεκα κοφίνων πληρώματα καὶ ἀπὸ τῶν ἰχθύων.
41,Mark,6,44,Mark 6:44,καὶ ἦσαν οἱ φαγόντες τοὺς ἄρτους ὡσεὶ πεντακισχίλιοι ἄνδρες.¶
41,Mark,6,45,Mark 6:45,Καὶ εὐθὺς ἠνάγκασεν τοὺς μαθητὰς αὐτοῦ ἐμβῆναι εἰς τὸ πλοῖον καὶ προάγειν εἰς τὸ πέραν πρὸς Βηθσαϊδὰν ἕως (he'ōs) αὐτὸς ἀπολύει τὸν ὄχλον.
41,Mark,6,46,Mark 6:46,καὶ ἀποταξάμενος αὐτοῖς ἀπῆλθεν εἰς τὸ ὄρος προσεύξασθαι.¶
41,Mark,6,47,Mark 6:47,"Καὶ ὀψίας γενομένης ἦν τὸ πλοῖον ἐν μέσῳ τῆς θαλάσσης, καὶ αὐτὸς μόνος ἐπὶ τῆς γῆς."
41,Mark,6,48,Mark 6:48,"καὶ ἰδὼν αὐτοὺς βασανιζομένους ἐν τῷ ἐλαύνειν, ἦν γὰρ ὁ ἄνεμος ἐναντίος αὐτοῖς, καὶ περὶ τετάρτην φυλακὴν τῆς νυκτὸς ἔρχεται πρὸς αὐτοὺς περιπατῶν ἐπὶ τῆς θαλάσσης καὶ ἤθελεν παρελθεῖν αὐτούς.¶"
41,Mark,6,49,Mark 6:49,"Οἱ δὲ ἰδόντες αὐτὸν ἐπὶ τῆς θαλάσσης περιπατοῦντα ἔδοξαν ὅτι φάντασμά ἐστιν, καὶ ἀνέκραξαν·"
41,Mark,6,50,Mark 6:50,"πάντες γὰρ αὐτὸν εἶδον καὶ ἐταράχθησαν. ὁ δὲ εὐθὺς ἐλάλησεν μετ᾽ (met᾽) αὐτῶν καὶ λέγει αὐτοῖς· θαρσεῖτε, ἐγώ εἰμι, μὴ φοβεῖσθε."
41,Mark,6,51,Mark 6:51,"καὶ ἀνέβη πρὸς αὐτοὺς εἰς τὸ πλοῖον, καὶ ἐκόπασεν ὁ ἄνεμος. καὶ λίαν ἐκ περισσοῦ ἐν ἑαυτοῖς (he'autois) ἐξίσταντο καὶ ἐθαύμαζον·"
41,Mark,6,52,Mark 6:52,"οὐ γὰρ συνῆκαν ἐπὶ τοῖς ἄρτοις, ἀλλ᾽ (all᾽) ἦν αὐτῶν ἡ καρδία πεπωρωμένη.¶"
41,Mark,6,53,Mark 6:53,Καὶ διαπεράσαντες ἐπὶ τὴν γῆν ἦλθον εἰς Γεννησαρὲτ καὶ προσωρμίσθησαν.
41,Mark,6,54,Mark 6:54,καὶ ἐξελθόντων αὐτῶν ἐκ τοῦ πλοίου εὐθὺς ἐπιγνόντες αὐτὸν
41,Mark,6,55,Mark 6:55,περιέδραμον ὅλην τὴν χώραν ἐκείνην καὶ ἤρξαντο ἐπὶ τοῖς κραβάττοις τοὺς κακῶς ἔχοντας περιφέρειν ὅπου ἤκουον ὅτι ἐκεῖ ἐστίν.
41,Mark,6,56,Mark 6:56,"καὶ ὅπου ἂν εἰσεπορεύετο εἰς κώμας ἢ εἰς πόλεις ἢ εἰς ἀγροὺς ἐν ταῖς ἀγοραῖς ἐτίθεσαν τοὺς ἀσθενοῦντας καὶ παρεκάλουν αὐτὸν ἵνα κἂν τοῦ κρασπέδου τοῦ ἱματίου αὐτοῦ ἅψωνται, καὶ ὅσοι ἂν ἥψαντο αὐτοῦ ἐσῴζοντο.¶"
41,Mark,7,1,Mark 7:1,Καὶ συνάγονται πρὸς αὐτὸν οἱ Φαρισαῖοι καί τινες τῶν γραμματέων ἐλθόντες ἀπὸ Ἱεροσολύμων. (Hi'erosolumōn)
41,Mark,7,2,Mark 7:2,"καὶ ἰδόντες τινὰς τῶν μαθητῶν αὐτοῦ ὅτι κοιναῖς χερσίν, τοῦτ᾽ (tout᾽) ἔστιν ἀνίπτοις, ἐσθίουσιν τοὺς ἄρτους ἐμέμψαντο·"
41,Mark,7,3,Mark 7:3,"οἱ γὰρ Φαρισαῖοι καὶ πάντες οἱ Ἰουδαῖοι ἐὰν μὴ πυγμῇ νίψωνται τὰς χεῖρας, οὐκ ἐσθίουσιν κρατοῦντες τὴν παράδοσιν τῶν πρεσβυτέρων·"
41,Mark,7,4,Mark 7:4,"καὶ ἀπ᾽ (ap᾽) ἀγορᾶς δὲ ὅταν ἔλθωσιν ἐὰν μὴ βαπτίσωνται, οὐκ ἐσθίουσιν· καὶ ἄλλα πολλά ἐστιν ἃ παρέλαβον κρατεῖν, βαπτισμοὺς ποτηρίων καὶ ξεστῶν καὶ χαλκίων καὶ κλινῶν.¶"
41,Mark,7,5,Mark 7:5,"Καὶ ἐπερωτῶσιν αὐτὸν οἱ Φαρισαῖοι καὶ οἱ γραμματεῖς· διὰ τί οὐ περιπατοῦσιν οἱ μαθηταί σου κατὰ τὴν παράδοσιν τῶν πρεσβυτέρων, ἀλλὰ κοιναῖς χερσὶν ἐσθίουσιν τὸν ἄρτον;¶"
41,Mark,7,6,Mark 7:6,"Ὁ δὲ ἀποκριθεὶς εἶπεν αὐτοῖς ὅτι· καλῶς ἐπροφήτευσεν Ἠσαΐας περὶ ὑμῶν τῶν ὑποκριτῶν, ὡς γέγραπται ὅτι οὗτος ὁ λαὸς τοῖς χείλεσίν με τιμᾷ, ἡ δὲ καρδία αὐτῶν πόρρω ἀπέχει ἀπ᾽ (ap᾽) ἐμοῦ."
41,Mark,7,7,Mark 7:7,"μάτην δὲ σέβονταί με διδάσκοντες διδασκαλίας, ἐντάλματα ἀνθρώπων.¶"
41,Mark,7,8,Mark 7:8,Ἀφέντες γὰρ τὴν ἐντολὴν τοῦ θεοῦ κρατεῖτε τὴν παράδοσιν τῶν ἀνθρώπων βαπτισμοὺς ξεστῶν καὶ ποτηρίων καὶ ἄλλα παρόμοια τοιαῦτα πολλὰ ποιεῖτε.
41,Mark,7,9,Mark 7:9,καὶ ἔλεγεν αὐτοῖς· καλῶς ἀθετεῖτε τὴν ἐντολὴν τοῦ θεοῦ ἵνα τὴν παράδοσιν ὑμῶν στήσητε.
41,Mark,7,10,Mark 7:10,"Μωϋσῆς γὰρ εἶπεν· τίμα τὸν πατέρα σου καὶ τὴν μητέρα σου, καὶ ὁ κακολογῶν πατέρα ἢ μητέρα θανάτῳ τελευτάτω."
41,Mark,7,11,Mark 7:11,"ὑμεῖς δὲ λέγετε· ἐὰν εἴπῃ ἄνθρωπος τῷ πατρὶ ἢ τῇ μητρί· κορβᾶν, ὅ ἐστιν δῶρον, ὃ ἐὰν ἐξ ἐμοῦ ὠφεληθῇς,"
41,Mark,7,12,Mark 7:12,"καὶ οὐκέτι ἀφίετε αὐτὸν οὐδὲν ποιῆσαι τῷ πατρὶ αὐτοῦ ἢ τῇ μητρί αὐτοῦ,"
41,Mark,7,13,Mark 7:13,ἀκυροῦντες τὸν λόγον τοῦ θεοῦ τῇ παραδόσει ὑμῶν ᾗ παρεδώκατε· καὶ παρόμοια τοιαῦτα πολλὰ ποιεῖτε.¶
41,Mark,7,14,Mark 7:14,Καὶ προσκαλεσάμενος πάλιν τὸν ὄχλον ἔλεγεν αὐτοῖς· ἀκούσατέ μου πάντες καὶ σύνετε.
41,Mark,7,15,Mark 7:15,"οὐδέν ἐστιν ἔξωθεν τοῦ ἀνθρώπου εἰσπορευόμενον εἰς αὐτὸν ὃ δύναται κοινῶσαι αὐτόν, ἀλλὰ τὰ ἐκ τοῦ ἀνθρώπου ἐκπορευόμενά ἀπ᾽ (ap᾽) αὐτοῦ ἐκεῖνά ἐστιν τὰ κοινοῦντα τὸν ἄνθρωπον.¶"
41,Mark,7,16,Mark 7:16,Εἴ τις ἔχει ὦτα ἀκούειν ἀκουέτω.
41,Mark,7,17,Mark 7:17,"καὶ ὅτε εἰσῆλθεν εἰς οἶκον ἀπὸ τοῦ ὄχλου, ἐπηρώτων αὐτὸν οἱ μαθηταὶ αὐτοῦ περὶ τὴν παραβολήν."
41,Mark,7,18,Mark 7:18,καὶ λέγει αὐτοῖς· οὕτως καὶ ὑμεῖς ἀσύνετοί ἐστε; οὐ νοεῖτε ὅτι πᾶν τὸ ἔξωθεν εἰσπορευόμενον εἰς τὸν ἄνθρωπον οὐ δύναται αὐτὸν κοινῶσαι;
41,Mark,7,19,Mark 7:19,ὅτι οὐκ εἰσπορεύεται αὐτοῦ εἰς τὴν καρδίαν ἀλλ᾽ (all᾽) εἰς τὴν κοιλίαν καὶ εἰς τὸν ἀφεδρῶνα ἐκπορεύεται καθαρίζων πάντα τὰ βρώματα.
41,Mark,7,20,Mark 7:20,"ἔλεγεν δὲ ὅτι τὸ ἐκ τοῦ ἀνθρώπου ἐκπορευόμενον, ἐκεῖνο κοινοῖ τὸν ἄνθρωπον."
41,Mark,7,21,Mark 7:21,"ἔσωθεν γὰρ ἐκ τῆς καρδίας τῶν ἀνθρώπων οἱ διαλογισμοὶ οἱ κακοὶ ἐκπορεύονται πορνεῖαι, κλοπαί, φόνοι,"
41,Mark,7,22,Mark 7:22,"μοιχεῖαι, πλεονεξίαι, πονηρίαι, δόλος, ἀσέλγεια, ὀφθαλμὸς πονηρός, βλασφημία, ὑπερηφανία, ἀφροσύνη·"
41,Mark,7,23,Mark 7:23,πάντα ταῦτα τὰ πονηρὰ ἔσωθεν ἐκπορεύεται καὶ κοινοῖ τὸν ἄνθρωπον.¶
41,Mark,7,24,Mark 7:24,Καὶ Ἐκεῖθεν δὲ ἀναστὰς ἀπῆλθεν εἰς τὰ ὅρια Τύρου καὶ Σιδῶνος. καὶ εἰσελθὼν εἰς τὴν οἰκίαν οὐδένα ἤθελεν γνῶναι καὶ οὐκ ἠδυνήθη λαθεῖν.
41,Mark,7,25,Mark 7:25,"ἀλλ᾽ (all᾽) εὐθὺς ἀκούσασα γὰρ γυνὴ περὶ αὐτοῦ ἧς εἶχεν τὸ θυγάτριον αὐτῆς πνεῦμα ἀκάθαρτον, ἐλθοῦσα προσέπεσεν πρὸς τοὺς πόδας αὐτοῦ·"
41,Mark,7,26,Mark 7:26,"ἡ δὲ γυνὴ ἦν Ἑλληνὶς Συροφοινίκισσα τῷ γένει, καὶ ἠρώτα αὐτὸν ἵνα τὸ δαιμόνιον ἐκβάλῃ ἐκ τῆς θυγατρὸς αὐτῆς."
41,Mark,7,27,Mark 7:27,ὁ καὶ Ἰησοῦς ἔλεγεν αὐτῇ· ἄφες πρῶτον χορτασθῆναι τὰ τέκνα· οὐ γάρ ἐστιν καλὸν λαβεῖν τὸν ἄρτον τῶν τέκνων καὶ τοῖς κυναρίοις βαλεῖν.
41,Mark,7,28,Mark 7:28,"ἡ δὲ ἀπεκρίθη καὶ λέγει αὐτῷ· ναὶ κύριε, καὶ γὰρ τὰ κυνάρια ὑποκάτω τῆς τραπέζης ἐσθίουσιν ἀπὸ τῶν ψιχίων τῶν παιδίων.¶"
41,Mark,7,29,Mark 7:29,"Καὶ εἶπεν αὐτῇ· διὰ τοῦτον τὸν λόγον ὕπαγε, ἐξελήλυθεν ἐκ τῆς θυγατρός σου τὸ δαιμόνιον."
41,Mark,7,30,Mark 7:30,καὶ ἀπελθοῦσα εἰς τὸν οἶκον αὐτῆς εὗρεν τὸ παιδίον βεβλημένον ἐπὶ τὴν κλίνην καὶ τὸ δαιμόνιον ἐξεληλυθός.¶
41,Mark,7,31,Mark 7:31,Καὶ πάλιν ἐξελθὼν ἐκ τῶν ὁρίων Τύρου ἦλθεν διὰ Σιδῶνος εἰς τὴν θάλασσαν τῆς Γαλιλαίας ἀνὰ μέσον τῶν ὁρίων Δεκαπόλεως.
41,Mark,7,32,Mark 7:32,καὶ φέρουσιν αὐτῷ κωφὸν καὶ μογιλάλον καὶ παρακαλοῦσιν αὐτὸν ἵνα ἐπιθῇ αὐτῷ τὴν χεῖρα.
41,Mark,7,33,Mark 7:33,"καὶ ἀπολαβόμενος αὐτὸν ἀπὸ τοῦ ὄχλου κατ᾽ (kat᾽) ἰδίαν ἔβαλεν τοὺς δακτύλους αὐτοῦ εἰς τὰ ὦτα αὐτοῦ, καὶ πτύσας ἥψατο τῆς γλώσσης αὐτοῦ,"
41,Mark,7,34,Mark 7:34,"καὶ ἀναβλέψας εἰς τὸν οὐρανὸν ἐστέναξεν καὶ λέγει αὐτῷ· εφφαθα, ὅ ἐστιν διανοίχθητι."
41,Mark,7,35,Mark 7:35,"καὶ εὐθέως ἠνοίγησαν αὐτοῦ αἱ ἀκοαί, καὶ ἐλύθη ὁ δεσμὸς τῆς γλώσσης αὐτοῦ, καὶ ἐλάλει ὀρθῶς."
41,Mark,7,36,Mark 7:36,"καὶ διεστείλατο αὐτοῖς ἵνα μηδενὶ λέγωσιν· ὅσον δὲ αὐτὸς αὐτοῖς διεστέλλετο, αὐτοὶ μᾶλλον περισσότερον ἐκήρυσσον."
41,Mark,7,37,Mark 7:37,καὶ ὑπερπερισσῶς ἐξεπλήσσοντο λέγοντες· καλῶς πάντα πεποίηκεν καὶ τοὺς κωφοὺς ποιεῖ ἀκούειν καὶ τοὺς ἀλάλους λαλεῖν.¶
41,Mark,8,1,Mark 8:1,"Ἐν ἐκείναις ταῖς ἡμέραις πάλιν πολλοῦ ὄχλου ὄντος καὶ μὴ ἐχόντων τί φάγωσιν, προσκαλεσάμενος ὁ Ἰησοῦς τοὺς μαθητὰς αὐτοῦ λέγει αὐτοῖς·"
41,Mark,8,2,Mark 8:2,σπλαγχνίζομαι ἐπὶ τὸν ὄχλον ὅτι ἤδη ἡμέραι τρεῖς προσμένουσίν μοι καὶ οὐκ ἔχουσιν τί φάγωσιν.
41,Mark,8,3,Mark 8:3,"καὶ ἐὰν ἀπολύσω αὐτοὺς νήστεις εἰς οἶκον αὐτῶν, ἐκλυθήσονται ἐν τῇ ὁδῷ· καί τινες αὐτῶν ἀπὸ μακρόθεν ἥκασιν.¶"
41,Mark,8,4,Mark 8:4,Καὶ ἀπεκρίθησαν αὐτῷ οἱ μαθηταὶ αὐτοῦ ὅτι πόθεν τούτους δυνήσεταί τις ὧδε χορτάσαι ἄρτων ἐπ᾽ (ep᾽) ἐρημίας;
41,Mark,8,5,Mark 8:5,καὶ ἠρώτα αὐτούς· πόσους ἔχετε ἄρτους; οἱ δὲ εἶπαν· ἑπτά.
41,Mark,8,6,Mark 8:6,"καὶ παραγγέλλει τῷ ὄχλῳ ἀναπεσεῖν ἐπὶ τῆς γῆς, καὶ λαβὼν τοὺς ἑπτὰ ἄρτους, εὐχαριστήσας ἔκλασεν καὶ ἐδίδου τοῖς μαθηταῖς αὐτοῦ ἵνα παρατιθῶσιν· καὶ παρέθηκαν τῷ ὄχλῳ."
41,Mark,8,7,Mark 8:7,καὶ εἶχον ἰχθύδια ὀλίγα· καὶ εὐλογήσας αὐτὰ εἶπεν καὶ ταῦτα παρατιθέναι.
41,Mark,8,8,Mark 8:8,"καὶ ἔφαγον δέ καὶ ἐχορτάσθησαν, καὶ ἦραν περισσεύματα κλασμάτων ἑπτὰ σπυρίδας."
41,Mark,8,9,Mark 8:9,ἦσαν δὲ οἱ φαγόντες ὡς τετρακισχίλιοι· καὶ ἀπέλυσεν αὐτούς.¶
41,Mark,8,10,Mark 8:10,Καὶ εὐθὺς ἐμβὰς εἰς τὸ πλοῖον μετὰ τῶν μαθητῶν αὐτοῦ ἦλθεν εἰς τὰ μέρη Δαλμανουθά.
41,Mark,8,11,Mark 8:11,"καὶ ἐξῆλθον οἱ Φαρισαῖοι καὶ ἤρξαντο συζητεῖν αὐτῷ ζητοῦντες παρ᾽ (par᾽) αὐτοῦ σημεῖον ἀπὸ τοῦ οὐρανοῦ, πειράζοντες αὐτόν.¶"
41,Mark,8,12,Mark 8:12,"Καὶ ἀναστενάξας τῷ πνεύματι αὐτοῦ λέγει· τί ἡ γενεὰ αὕτη ζητεῖ σημεῖον; ἀμὴν λέγω ὑμῖν, εἰ δοθήσεται τῇ γενεᾷ ταύτῃ σημεῖον."
41,Mark,8,13,Mark 8:13,καὶ ἀφεὶς αὐτοὺς πάλιν ἐμβὰς εἰς τὸ πλοῖον ἀπῆλθεν εἰς τὸ πέραν.
41,Mark,8,14,Mark 8:14,καὶ ἐπελάθοντο λαβεῖν ἄρτους καὶ εἰ μὴ ἕνα ἄρτον οὐκ εἶχον μεθ᾽ (meth᾽) ἑαυτῶν (he'autōn) ἐν τῷ πλοίῳ.
41,Mark,8,15,Mark 8:15,"καὶ διεστέλλετο αὐτοῖς λέγων· ὁρᾶτε, βλέπετε ἀπὸ τῆς ζύμης τῶν Φαρισαίων καὶ τῆς ζύμης Ἡρῴδου."
41,Mark,8,16,Mark 8:16,καὶ διελογίζοντο πρὸς ἀλλήλους λέγοντες ὅτι ἄρτους οὐκ ἔχουσιν.
41,Mark,8,17,Mark 8:17,καὶ γνοὺς ὁ Ἰησοῦς λέγει αὐτοῖς· τί διαλογίζεσθε ὅτι ἄρτους οὐκ ἔχετε; οὔπω νοεῖτε οὐδὲ συνίετε; ἔτι πεπωρωμένην ἔχετε τὴν καρδίαν ὑμῶν;
41,Mark,8,18,Mark 8:18,"ὀφθαλμοὺς ἔχοντες οὐ βλέπετε, καὶ ὦτα ἔχοντες οὐκ ἀκούετε; καὶ οὐ μνημονεύετε;"
41,Mark,8,19,Mark 8:19,ὅτε τοὺς πέντε ἄρτους ἔκλασα εἰς τοὺς πεντακισχιλίους πόσους κοφίνους κλασμάτων πλήρεις ἤρατε; λέγουσιν αὐτῷ· δώδεκα.
41,Mark,8,20,Mark 8:20,ὅτε δὲ τοὺς ἑπτὰ εἰς τοὺς τετρακισχιλίους πόσων σπυρίδων πληρώματα κλασμάτων ἤρατε; οἱ καὶ λέγουσιν αὐτῷ· ἑπτά.
41,Mark,8,21,Mark 8:21,καὶ ἔλεγεν αὐτοῖς· οὔπω πῶς συνίετε;¶
41,Mark,8,22,Mark 8:22,"Καὶ ἔρχονται εἰς Βηθσαϊδάν, καὶ φέρουσιν αὐτῷ τυφλὸν καὶ παρακαλοῦσιν αὐτὸν ἵνα αὐτοῦ ἅψηται."
41,Mark,8,23,Mark 8:23,"καὶ ἐπιλαβόμενος τῆς χειρὸς τοῦ τυφλοῦ ἐξήνεγκεν αὐτὸν ἔξω τῆς κώμης, καὶ πτύσας εἰς τὰ ὄμματα αὐτοῦ, ἐπιθεὶς τὰς χεῖρας αὐτῷ ἐπηρώτα αὐτόν· εἴ τι βλέπεις;"
41,Mark,8,24,Mark 8:24,καὶ ἀναβλέψας ἔλεγεν· βλέπω τοὺς ἀνθρώπους ὅτι ὡς δένδρα ὁρῶ περιπατοῦντας.
41,Mark,8,25,Mark 8:25,"εἶτα πάλιν ἐπέθηκεν τὰς χεῖρας ἐπὶ τοὺς ὀφθαλμοὺς αὐτοῦ, καὶ ἐποίησεν αὐτὸν διέβλεψεν καὶ ἀπεκατέστη καὶ ἐνέβλεπεν τηλαυγῶς ἅπαντα."
41,Mark,8,26,Mark 8:26,καὶ ἀπέστειλεν αὐτὸν εἰς τὸν οἶκον αὐτοῦ λέγων· μηδὲ εἰς τὴν κώμην εἰσέλθῃς μηδὲ εἴπῃς τινὶ ἐν τῇ κώμῃ.¶
41,Mark,8,27,Mark 8:27,Καὶ ἐξῆλθεν ὁ Ἰησοῦς καὶ οἱ μαθηταὶ αὐτοῦ εἰς τὰς κώμας Καισαρείας τῆς Φιλίππου. καὶ ἐν τῇ ὁδῷ ἐπηρώτα τοὺς μαθητὰς αὐτοῦ λέγων αὐτοῖς· τίνα με λέγουσιν οἱ ἄνθρωποι εἶναι;
41,Mark,8,28,Mark 8:28,"οἱ δὲ εἶπαν αὐτῷ λέγοντες· ὅτι Ἰωάννην τὸν βαπτιστήν, καὶ ἄλλοι· Ἠλίαν, ἄλλοι δὲ ὅτι εἷς τῶν προφητῶν."
41,Mark,8,29,Mark 8:29,καὶ αὐτὸς ἐπηρώτα αὐτούς· ὑμεῖς δὲ τίνα με λέγετε εἶναι; ἀποκριθεὶς δὲ ὁ Πέτρος λέγει αὐτῷ· σὺ εἶ ὁ χριστός.
41,Mark,8,30,Mark 8:30,καὶ ἐπετίμησεν αὐτοῖς ἵνα μηδενὶ λέγωσιν περὶ αὐτοῦ.
41,Mark,8,31,Mark 8:31,καὶ ἤρξατο διδάσκειν αὐτοὺς ὅτι δεῖ τὸν υἱὸν τοῦ ἀνθρώπου πολλὰ παθεῖν καὶ ἀποδοκιμασθῆναι ὑπὸ τῶν πρεσβυτέρων καὶ τῶν ἀρχιερέων καὶ τῶν γραμματέων καὶ ἀποκτανθῆναι καὶ μετὰ τρεῖς ἡμέρας ἀναστῆναι·
41,Mark,8,32,Mark 8:32,καὶ παρρησίᾳ τὸν λόγον ἐλάλει.¶ Καὶ προσλαβόμενος ὁ Πέτρος αὐτὸν ἤρξατο ἐπιτιμᾶν αὐτῷ.
41,Mark,8,33,Mark 8:33,"ὁ δὲ ἐπιστραφεὶς καὶ ἰδὼν τοὺς μαθητὰς αὐτοῦ ἐπετίμησεν τῷ Πέτρῳ καὶ λέγει· ὕπαγε ὀπίσω μου, σατανᾶ, ὅτι οὐ φρονεῖς τὰ τοῦ θεοῦ ἀλλὰ τὰ τῶν ἀνθρώπων."
41,Mark,8,34,Mark 8:34,"καὶ προσκαλεσάμενος τὸν ὄχλον σὺν τοῖς μαθηταῖς αὐτοῦ εἶπεν αὐτοῖς· εἴ τις θέλει ὀπίσω μου ἀκολουθεῖν, ἀπαρνησάσθω ἑαυτὸν (he'auton) καὶ ἀράτω τὸν σταυρὸν αὐτοῦ καὶ ἀκολουθείτω μοι."
41,Mark,8,35,Mark 8:35,"ὃς γὰρ ἐὰν θέλῃ τὴν ψυχὴν αὐτοῦ σῶσαι, ἀπολέσει αὐτήν· ὃς δ᾽ (d᾽) ἂν ἀπολέσει τὴν ψυχὴν αὐτοῦ ἕνεκεν ἐμοῦ καὶ τοῦ εὐαγγελίου, οὗτος σώσει αὐτήν."
41,Mark,8,36,Mark 8:36,τί γὰρ ὠφελεῖ τὸν ἄνθρωπον ἐὰν κερδῆσαι τὸν κόσμον ὅλον καὶ ζημιωθῆναι τὴν ψυχὴν αὐτοῦ;
41,Mark,8,37,Mark 8:37,ἢ τί γὰρ δοῖ ἄνθρωπος ἀντάλλαγμα τῆς ψυχῆς αὐτοῦ;
41,Mark,8,38,Mark 8:38,"ὃς γὰρ ἐὰν ἐπαισχυνθῇ με καὶ τοὺς ἐμοὺς λόγους ἐν τῇ γενεᾷ ταύτῃ τῇ μοιχαλίδι καὶ ἁμαρτωλῷ, καὶ ὁ υἱὸς τοῦ ἀνθρώπου ἐπαισχυνθήσεται αὐτὸν ὅταν ἔλθῃ ἐν τῇ δόξῃ τοῦ πατρὸς αὐτοῦ μετὰ τῶν ἀγγέλων τῶν ἁγίων.¶"
41,Mark,9,1,Mark 9:1,Καὶ ἔλεγεν αὐτοῖς· ἀμὴν λέγω ὑμῖν ὅτι εἰσίν τινες ὧδε τῶν ἑστηκότων οἵτινες οὐ μὴ γεύσωνται θανάτου ἕως (he'ōs) ἂν ἴδωσιν τὴν βασιλείαν τοῦ θεοῦ ἐληλυθυῖαν ἐν δυνάμει.¶
41,Mark,9,2,Mark 9:2,"Καὶ μετὰ ἡμέρας ἓξ παραλαμβάνει ὁ Ἰησοῦς τὸν Πέτρον καὶ τὸν Ἰάκωβον καὶ τὸν Ἰωάννην καὶ ἀναφέρει αὐτοὺς εἰς ὄρος ὑψηλὸν κατ᾽ (kat᾽) ἰδίαν μόνους. καὶ μετεμορφώθη ἔμπροσθεν αὐτῶν,"
41,Mark,9,3,Mark 9:3,"καὶ τὰ ἱμάτια αὐτοῦ ἐγένετο στίλβοντα, λευκὰ λίαν ὡς χιών, οἷα γναφεὺς ἐπὶ τῆς γῆς οὐ δύναται οὕτως λευκᾶναι."
41,Mark,9,4,Mark 9:4,"καὶ ὤφθη αὐτοῖς Ἠλίας σὺν Μωϋσεῖ, καὶ ἦσαν συλλαλοῦντες τῷ Ἰησοῦ."
41,Mark,9,5,Mark 9:5,"καὶ ἀποκριθεὶς ὁ Πέτρος λέγει τῷ Ἰησοῦ· ῥαββί, καλόν ἐστιν ἡμᾶς ὧδε εἶναι, καὶ ποιήσωμεν τρεῖς σκηνάς, σοὶ μίαν καὶ Μωϋσεῖ μίαν καὶ Ἠλίᾳ μίαν·"
41,Mark,9,6,Mark 9:6,"οὐ γὰρ ᾔδει τί ἀποκριθῇ, ἔκφοβοι γὰρ ἐγένοντο.¶"
41,Mark,9,7,Mark 9:7,"Καὶ ἐγένετο νεφέλη ἐπισκιάζουσα αὐτοῖς, καὶ ἐγένετο φωνὴ ἐκ τῆς νεφέλης λέγουσα· οὗτός ἐστιν ὁ υἱός μου ὁ ἀγαπητός· ἀκούετε αὐτοῦ."
41,Mark,9,8,Mark 9:8,καὶ ἐξάπινα περιβλεψάμενοι οὐκέτι οὐδένα εἶδον ἀλλὰ τὸν Ἰησοῦν μόνον μεθ᾽ (meth᾽) ἑαυτῶν.¶ (he'autōn)
41,Mark,9,9,Mark 9:9,Καὶ καταβαινόντων δὲ αὐτῶν ἐκ τοῦ ὄρους διεστείλατο αὐτοῖς ἵνα μηδενὶ ἃ εἶδον διηγήσωνται εἰ μὴ ὅταν ὁ υἱὸς τοῦ ἀνθρώπου ἐκ νεκρῶν ἀναστῇ.
41,Mark,9,10,Mark 9:10,καὶ τὸν λόγον ἐκράτησαν πρὸς ἑαυτοὺς (he'autous) συζητοῦντες τί ἐστιν τὸ ἐκ νεκρῶν ἀναστῆναι.
41,Mark,9,11,Mark 9:11,καὶ ἐπηρώτων αὐτὸν λέγοντες· ὅτι λέγουσιν οἱ γραμματεῖς ὅτι Ἠλίαν δεῖ ἐλθεῖν πρῶτον;
41,Mark,9,12,Mark 9:12,ὁ δὲ ἀποκριθείς ἔφη αὐτοῖς· Ἠλίας μὲν ἐλθὼν πρῶτον ἀποκαθιστάνει πάντα· καὶ πῶς γέγραπται ἐπὶ τὸν υἱὸν τοῦ ἀνθρώπου ἵνα πολλὰ πάθῃ καὶ ἐξουδενηθῇ.
41,Mark,9,13,Mark 9:13,"ἀλλὰ λέγω ὑμῖν ὅτι καὶ Ἠλίας ἐλήλυθεν, καὶ ἐποίησαν αὐτῷ ὅσα ἤθελον καθὼς γέγραπται ἐπ᾽ (ep᾽) αὐτόν.¶"
41,Mark,9,14,Mark 9:14,Καὶ ἐλθόντες πρὸς τοὺς μαθητὰς εἶδον ὄχλον πολὺν περὶ αὐτοὺς καὶ γραμματεῖς συζητοῦντας πρὸς αὐτούς.
41,Mark,9,15,Mark 9:15,καὶ εὐθὺς πᾶς ὁ ὄχλος ἰδόντες αὐτὸν ἐξεθαμβήθησαν καὶ προστρέχοντες ἠσπάζοντο αὐτόν.
41,Mark,9,16,Mark 9:16,καὶ ἐπηρώτησεν αὐτούς γραμματεῖς· τί συζητεῖτε πρὸς αὐτούς;¶
41,Mark,9,17,Mark 9:17,"Καὶ ἀπεκρίθη αὐτῷ εἷς ἐκ τοῦ ὄχλου εἶπεν· διδάσκαλε, ἤνεγκα τὸν υἱόν μου πρὸς σὲ ἔχοντα πνεῦμα ἄλαλον."
41,Mark,9,18,Mark 9:18,"καὶ ὅπου ἐὰν αὐτὸν καταλάβῃ, ῥήσσει αὐτόν· καὶ ἀφρίζει καὶ τρίζει τοὺς ὀδόντας αὐτοῦ καὶ ξηραίνεται. καὶ εἶπα τοῖς μαθηταῖς σου ἵνα αὐτὸ ἐκβάλωσιν, καὶ οὐκ ἴσχυσαν.¶"
41,Mark,9,19,Mark 9:19,"Ὁ δὲ ἀποκριθεὶς αὐτοῖς λέγει· ὦ γενεὰ ἄπιστος, ἕως (he'ōs) πότε πρὸς ὑμᾶς ἔσομαι, ἕως (he'ōs) πότε ἀνέξομαι ὑμῶν; φέρετε αὐτὸν πρός με."
41,Mark,9,20,Mark 9:20,"καὶ ἤνεγκαν αὐτὸν πρὸς αὐτόν. καὶ ἰδὼν αὐτὸν τὸ πνεῦμα εὐθὺς συνεσπάραξεν αὐτόν, καὶ πεσὼν ἐπὶ τῆς γῆς ἐκυλίετο ἀφρίζων."
41,Mark,9,21,Mark 9:21,καὶ ἐπηρώτησεν τὸν πατέρα αὐτοῦ· πόσος χρόνος ἐστὶν ὡς τοῦτο γέγονεν αὐτῷ; ὁ δὲ εἶπεν· ἐκ παιδιόθεν.
41,Mark,9,22,Mark 9:22,"καὶ πολλάκις καὶ εἰς τὸ πῦρ αὐτὸν ἔβαλεν καὶ εἰς ὕδατα ἵνα ἀπολέσῃ αὐτόν· ἀλλ᾽ (all᾽) εἴ τι δύνῃ, βοήθησον ἡμῖν, σπλαγχνισθεὶς ἐφ᾽ (eph᾽) ἡμᾶς.¶"
41,Mark,9,23,Mark 9:23,"Ὁ δὲ Ἰησοῦς εἶπεν αὐτῷ· τὸ εἰ δύνῃ πιστεῦσαι, πάντα δυνατὰ τῷ πιστεύοντι."
41,Mark,9,24,Mark 9:24,καὶ εὐθὺς κράξας ὁ πατὴρ τοῦ παιδίου μετὰ δακρύων ἔλεγεν· πιστεύω κύριε· βοήθει μου τῇ ἀπιστίᾳ.¶
41,Mark,9,25,Mark 9:25,"Ἰδὼν δὲ ὁ Ἰησοῦς ὅτι ἐπισυντρέχει ὄχλος, ἐπετίμησεν τῷ πνεύματι τῷ ἀκαθάρτῳ λέγων αὐτῷ· τὸ ἄλαλον καὶ κωφὸν τὸ πνεῦμα, ἐγὼ ἐπιτάσσω σοι· ἔξελθε ἐξ αὐτοῦ, καὶ μηκέτι εἰσέλθῃς εἰς αὐτόν."
41,Mark,9,26,Mark 9:26,"καὶ κράξας καὶ πολλὰ σπαράξας αὐτόν ἐξῆλθεν, καὶ ἐγένετο ὡσεὶ νεκρὸς ὥστε τοὺς πολλοὺς λέγειν ὅτι ἀπέθανεν."
41,Mark,9,27,Mark 9:27,"ὁ δὲ Ἰησοῦς κρατήσας τῆς χειρὸς αὐτοῦ ἤγειρεν αὐτόν, καὶ ἀνέστη.¶"
41,Mark,9,28,Mark 9:28,Καὶ εἰσελθόντος αὐτοῦ εἰς οἶκον οἱ μαθηταὶ αὐτοῦ κατ᾽ (kat᾽) ἰδίαν ἐπηρώτων αὐτόν· ὅτι ἡμεῖς οὐκ ἠδυνήθημεν ἐκβαλεῖν αὐτό;
41,Mark,9,29,Mark 9:29,καὶ εἶπεν αὐτοῖς· τοῦτο τὸ γένος ἐν οὐδενὶ δύναται ἐξελθεῖν εἰ μὴ ἐν προσευχῇ καὶ νηστείᾳ.¶
41,Mark,9,30,Mark 9:30,"Κἀκεῖθεν ἐξελθόντες παρεπορεύοντο διὰ τῆς Γαλιλαίας, καὶ οὐκ ἤθελεν ἵνα τις γνοῖ·"
41,Mark,9,31,Mark 9:31,"ἐδίδασκεν γὰρ τοὺς μαθητὰς αὐτοῦ καὶ ἔλεγεν αὐτοῖς ὅτι ὁ υἱὸς τοῦ ἀνθρώπου παραδίδοται εἰς χεῖρας ἀνθρώπων, καὶ ἀποκτενοῦσιν αὐτόν, καὶ ἀποκτανθεὶς μετὰ τρεῖς ἡμέρας ἀναστήσεται."
41,Mark,9,32,Mark 9:32,οἱ δὲ ἠγνόουν τὸ ῥῆμα καὶ ἐφοβοῦντο αὐτὸν ἐπερωτῆσαι.¶
41,Mark,9,33,Mark 9:33,Καὶ ἦλθον εἰς Καφαρναούμ· καὶ ἐν τῇ οἰκίᾳ γενόμενος ἐπηρώτα αὐτούς· τί ἐν τῇ ὁδῷ πρὸς ἑαυτοὺς (he'autous) διελογίζεσθε;
41,Mark,9,34,Mark 9:34,οἱ δὲ ἐσιώπων· πρὸς ἀλλήλους γὰρ διελέχθησαν ἐν τῇ ὁδῷ τίς μείζων.¶
41,Mark,9,35,Mark 9:35,"Καὶ καθίσας ἐφώνησεν τοὺς δώδεκα καὶ λέγει αὐτοῖς· εἴ τις θέλει πρῶτος εἶναι, ἔσται πάντων ἔσχατος καὶ πάντων διάκονος."
41,Mark,9,36,Mark 9:36,"καὶ λαβὼν παιδίον ἔστησεν αὐτὸ ἐν μέσῳ αὐτῶν, καὶ ἐναγκαλισάμενος αὐτὸ εἶπεν αὐτοῖς·"
41,Mark,9,37,Mark 9:37,"ὃς ἂν ἓν τῶν τοιούτων παιδίων δέξηται ἐπὶ τῷ ὀνόματί μου, ἐμὲ δέχεται· καὶ ὃς ἂν ἐμὲ δέχηται, οὐκ ἐμὲ δέχεται ἀλλὰ τὸν ἀποστείλαντά με.¶"
41,Mark,9,38,Mark 9:38,"Ἔφη δὲ αὐτῷ ὁ Ἰωάννης· λέγων διδάσκαλε, εἴδομέν τινα ἐν τῷ ὀνόματί σου ἐκβάλλοντα δαιμόνια ὃς οὐκ ἀκολουθεῖ ἡμῖν καὶ ἐκωλύομεν αὐτὸν ὅτι οὐκ ἠκολούθει ἡμῖν.¶"
41,Mark,9,39,Mark 9:39,Ὁ δὲ Ἰησοῦς εἶπεν· μὴ κωλύετε αὐτόν· οὐδεὶς γάρ ἐστιν ὃς ποιήσει δύναμιν ἐπὶ τῷ ὀνόματί μου καὶ δυνήσεται ταχὺ κακολογῆσαί με.
41,Mark,9,40,Mark 9:40,ὃς γὰρ οὐκ ἔστιν καθ᾽ (kath᾽) ἡμῶν ὑπὲρ ἡμῶν ἐστιν.
41,Mark,9,41,Mark 9:41,"ὃς γὰρ ἂν ποτίσῃ ὑμᾶς ποτήριον ὕδατος ἐν τῷ ὀνόματι μου ὅτι Χριστοῦ ἐστε, ἀμὴν λέγω ὑμῖν ὅτι οὐ μὴ ἀπολέσῃ τὸν μισθὸν αὐτοῦ."
41,Mark,9,42,Mark 9:42,"καὶ ὃς ἂν σκανδαλίσῃ ἕνα τῶν μικρῶν τούτων τῶν πιστευόντων εἰς ἐμέ, καλόν ἐστιν αὐτῷ μᾶλλον εἰ περίκειται μύλος ὀνικὸς περὶ τὸν τράχηλον αὐτοῦ καὶ βέβληται εἰς τὴν θάλασσαν."
41,Mark,9,43,Mark 9:43,"καὶ ἐὰν σκανδαλίζῃ σε ἡ χείρ σου, ἀπόκοψον αὐτήν· καλόν ἐστίν σε κυλλὸν εἰσελθεῖν εἰς τὴν ζωὴν ἢ τὰς δύο χεῖρας ἔχοντα ἀπελθεῖν εἰς τὴν γέενναν εἰς τὸ πῦρ τὸ ἄσβεστον."
41,Mark,9,44,Mark 9:44,ὅπου ὁ σκώληξ αὐτῶν οὐ τελευτᾷ καὶ τὸ πῦρ οὐ σβέννυται
41,Mark,9,45,Mark 9:45,"καὶ ἐὰν ὁ πούς σου σκανδαλίζῃ σε, ἀπόκοψον αὐτόν· καλόν ἐστίν σε εἰσελθεῖν εἰς τὴν ζωὴν χωλὸν ἢ τοὺς δύο πόδας ἔχοντα βληθῆναι εἰς τὴν γέενναν εἰς τὸ πῦρ τὸ ἄσβεστον."
41,Mark,9,46,Mark 9:46,ὅπου ὁ σκώληξ αὐτῶν οὐ τελευτᾷ καὶ τὸ πῦρ οὐ σβέννυται.
41,Mark,9,47,Mark 9:47,"καὶ ἐὰν ὁ ὀφθαλμός σου σκανδαλίζῃ σε, ἔκβαλε αὐτόν· καλόν σέ ἐστιν μονόφθαλμον εἰσελθεῖν εἰς τὴν βασιλείαν τοῦ θεοῦ ἢ δύο ὀφθαλμοὺς ἔχοντα βληθῆναι εἰς τὴν γέενναν τοῦ πυρός"
41,Mark,9,48,Mark 9:48,ὅπου ὁ σκώληξ αὐτῶν οὐ τελευτᾷ καὶ τὸ πῦρ οὐ σβέννυται.
41,Mark,9,49,Mark 9:49,πᾶς γὰρ πυρὶ ἁλισθήσεται καὶ πᾶσα θυσία ἁλὶ ἁλισθήσεται.
41,Mark,9,50,Mark 9:50,"καλὸν τὸ ἅλας· ἐὰν δὲ τὸ ἅλας ἄναλον γένηται, ἐν τίνι αὐτὸ ἀρτύσετε; ἔχετε ἐν ἑαυτοῖς (he'autois) ἅλα καὶ εἰρηνεύετε ἐν ἀλλήλοις.¶"
41,Mark,10,1,Mark 10:1,"Καὶ ἐκεῖθεν ἀναστὰς ἔρχεται εἰς τὰ ὅρια τῆς Ἰουδαίας καὶ τοῦ πέραν τοῦ Ἰορδάνου, καὶ συμπορεύονται πάλιν ὄχλοι πρὸς αὐτόν, καὶ ὡς εἰώθει πάλιν ἐδίδασκεν αὐτούς."
41,Mark,10,2,Mark 10:2,καὶ προσελθόντες οἱ Φαρισαῖοι ἐπηρώτων αὐτὸν εἰ ἔξεστιν ἀνδρὶ γυναῖκα ἀπολῦσαι πειράζοντες αὐτόν.
41,Mark,10,3,Mark 10:3,ὁ δὲ ἀποκριθεὶς εἶπεν αὐτοῖς· τί ὑμῖν ἐνετείλατο Μωϋσῆς;
41,Mark,10,4,Mark 10:4,οἱ δὲ εἶπαν· ἐπέτρεψεν Μωϋσῆς βιβλίον ἀποστασίου γράψαι καὶ ἀπολῦσαι.
41,Mark,10,5,Mark 10:5,Καὶ ἀποκριθεὶς ὁ δὲ Ἰησοῦς εἶπεν αὐτοῖς· πρὸς τὴν σκληροκαρδίαν ὑμῶν ἔγραψεν ὑμῖν τὴν ἐντολὴν ταύτην·
41,Mark,10,6,Mark 10:6,ἀπὸ δὲ ἀρχῆς κτίσεως ἄρσεν καὶ θῆλυ ἐποίησεν αὐτούς ὁ θεός·
41,Mark,10,7,Mark 10:7,"ἕνεκεν τούτου καταλείψει ἄνθρωπος τὸν πατέρα αὐτοῦ καὶ τὴν μητέρα καὶ προσκολληθήσεται πρὸς τὴν γυναῖκα αὐτοῦ,"
41,Mark,10,8,Mark 10:8,καὶ ἔσονται οἱ δύο εἰς σάρκα μίαν ὥστε οὐκέτι εἰσὶν δύο ἀλλὰ μία σάρξ.
41,Mark,10,9,Mark 10:9,"ὃ οὖν ὁ θεὸς συνέζευξεν, ἄνθρωπος μὴ χωριζέτω.¶"
41,Mark,10,10,Mark 10:10,Καὶ εἰς τὴν οἰκίαν πάλιν οἱ μαθηταὶ αὐτοῦ περὶ τοῦ τούτου ἐπηρώτων αὐτόν.
41,Mark,10,11,Mark 10:11,"καὶ λέγει αὐτοῖς· ὃς ἂν ἀπολύσῃ τὴν γυναῖκα αὐτοῦ καὶ γαμήσῃ ἄλλην, μοιχᾶται ἐπ᾽ (ep᾽) αὐτήν."
41,Mark,10,12,Mark 10:12,"καὶ ἐὰν αὐτὴ ἀπολύσασα τὸν ἄνδρα αὐτῆς καὶ γαμήσῃ ἄλλον, μοιχᾶται.¶"
41,Mark,10,13,Mark 10:13,Καὶ προσέφερον αὐτῷ παιδία ἵνα αὐτῶν ἅψηται· οἱ δὲ μαθηταὶ ἐπετίμησαν αὐτοῖς προσφέρουσιν.
41,Mark,10,14,Mark 10:14,"ἰδὼν δὲ ὁ Ἰησοῦς ἠγανάκτησεν καὶ εἶπεν αὐτοῖς· ἄφετε τὰ παιδία ἔρχεσθαι πρός με, καὶ μὴ κωλύετε αὐτά, τῶν γὰρ τοιούτων ἐστὶν ἡ βασιλεία τοῦ θεοῦ.¶"
41,Mark,10,15,Mark 10:15,"Ἀμὴν λέγω ὑμῖν, ὃς ἂν μὴ δέξηται τὴν βασιλείαν τοῦ θεοῦ ὡς παιδίον, οὐ μὴ εἰσέλθῃ εἰς αὐτήν."
41,Mark,10,16,Mark 10:16,καὶ ἐναγκαλισάμενος αὐτὰ κατευλόγει τιθεὶς τὰς χεῖρας ἐπ᾽ (ep᾽) αὐτά.¶
41,Mark,10,17,Mark 10:17,"Καὶ ἐκπορευομένου αὐτοῦ εἰς ὁδὸν προσδραμὼν εἷς καὶ γονυπετήσας αὐτὸν ἐπηρώτα αὐτόν· διδάσκαλε ἀγαθέ, τί ποιήσω ἵνα ζωὴν αἰώνιον κληρονομήσω;¶"
41,Mark,10,18,Mark 10:18,Ὁ δὲ Ἰησοῦς εἶπεν αὐτῷ· τί με λέγεις ἀγαθόν; οὐδεὶς ἀγαθὸς εἰ μὴ εἷς ὁ θεός.
41,Mark,10,19,Mark 10:19,"τὰς ἐντολὰς οἶδας· μὴ φονεύσῃς, μὴ μοιχεύσῃς, μὴ κλέψῃς, μὴ ψευδομαρτυρήσῃς, μὴ ἀποστερήσῃς, τίμα τὸν πατέρα σου καὶ τὴν μητέρα."
41,Mark,10,20,Mark 10:20,"ὁ δὲ ἀποκριθεὶς ἔφη αὐτῷ· διδάσκαλε, ταῦτα πάντα ἐφυλαξάμην ἐκ νεότητός μου.¶"
41,Mark,10,21,Mark 10:21,"Ὁ δὲ Ἰησοῦς ἐμβλέψας αὐτῷ ἠγάπησεν αὐτὸν καὶ εἶπεν αὐτῷ· ἕν σε ὑστερεῖ· ὕπαγε, ὅσα ἔχεις πώλησον καὶ δὸς τοῖς πτωχοῖς καὶ ἕξεις θησαυρὸν ἐν οὐρανῷ. καὶ δεῦρο, ἀκολούθει μοι ἄρας τὸν σταυρόν."
41,Mark,10,22,Mark 10:22,ὁ δὲ στυγνάσας ἐπὶ τῷ λόγῳ ἀπῆλθεν λυπούμενος· ἦν γὰρ ἔχων κτήματα πολλά.
41,Mark,10,23,Mark 10:23,καὶ περιβλεψάμενος ὁ Ἰησοῦς λέγει τοῖς μαθηταῖς αὐτοῦ· πῶς δυσκόλως οἱ τὰ χρήματα ἔχοντες εἰς τὴν βασιλείαν τοῦ θεοῦ εἰσελεύσονται.
41,Mark,10,24,Mark 10:24,"οἱ δὲ μαθηταὶ ἐθαμβοῦντο ἐπὶ τοῖς λόγοις αὐτοῦ. ὁ δὲ Ἰησοῦς πάλιν ἀποκριθεὶς λέγει αὐτοῖς· τέκνα, πῶς δύσκολόν ἐστιν τοὺς πεποιθότας ἐπὶ τοῖς χρήμασιν εἰς τὴν βασιλείαν τοῦ θεοῦ εἰσελθεῖν."
41,Mark,10,25,Mark 10:25,εὐκοπώτερόν ἐστιν κάμηλον διὰ τῆς τρυμαλιᾶς τῆς ῥαφίδος διελθεῖν ἢ πλούσιον εἰς τὴν βασιλείαν τοῦ θεοῦ εἰσελθεῖν.
41,Mark,10,26,Mark 10:26,οἱ δὲ περισσῶς ἐξεπλήσσοντο λέγοντες πρὸς ἑαυτούς· (he'autous) καὶ τίς δύναται σωθῆναι;
41,Mark,10,27,Mark 10:27,ἐμβλέψας δὲ αὐτοῖς ὁ Ἰησοῦς λέγει· παρὰ ἀνθρώποις ἀδύνατον ἀλλ᾽ (all᾽) οὐ παρὰ τῷ θεῷ· πάντα γὰρ δυνατὰ ἐστιν παρὰ τῷ θεῷ.¶
41,Mark,10,28,Mark 10:28,Καὶ ἤρξατο λέγειν ὁ Πέτρος αὐτῷ· ἰδοὺ ἡμεῖς ἀφήκαμεν πάντα καὶ ἠκολουθήκαμέν σοι.¶
41,Mark,10,29,Mark 10:29,"Ἀποκριθεὶς δὲ ἔφη ὁ Ἰησοῦς· ἀμὴν λέγω ὑμῖν, οὐδείς ἐστιν ὃς ἀφῆκεν οἰκίαν ἢ ἀδελφοὺς ἢ ἀδελφὰς ἢ μητέρα ἢ πατέρα ἢ γυναῖκα ἢ τέκνα ἢ ἀγροὺς ἕνεκεν ἐμοῦ καὶ ἕνεκεν τοῦ εὐαγγελίου,"
41,Mark,10,30,Mark 10:30,ἐὰν μὴ λάβῃ ἑκατονταπλασίονα νῦν ἐν τῷ καιρῷ τούτῳ οἰκίας καὶ ἀδελφοὺς καὶ ἀδελφὰς καὶ μητέρας καὶ τέκνα καὶ ἀγροὺς μετὰ διωγμῶν καὶ ἐν τῷ αἰῶνι τῷ ἐρχομένῳ ζωὴν αἰώνιον.
41,Mark,10,31,Mark 10:31,πολλοὶ δὲ ἔσονται πρῶτοι ἔσχατοι καὶ οἱ ἔσχατοι πρῶτοι.¶
41,Mark,10,32,Mark 10:32,"Ἦσαν δὲ ἐν τῇ ὁδῷ ἀναβαίνοντες εἰς Ἱεροσόλυμα, (Hi'erosoluma) καὶ ἦν προάγων αὐτοὺς ὁ Ἰησοῦς, καὶ ἐθαμβοῦντο· οἱ δὲ ἀκολουθοῦντες ἐφοβοῦντο.¶ Καὶ παραλαβὼν πάλιν τοὺς δώδεκα ἤρξατο αὐτοῖς λέγειν τὰ μέλλοντα αὐτῷ συμβαίνειν"
41,Mark,10,33,Mark 10:33,"ὅτι ἰδοὺ ἀναβαίνομεν εἰς Ἱεροσόλυμα, (Hi'erosoluma) καὶ ὁ υἱὸς τοῦ ἀνθρώπου παραδοθήσεται τοῖς ἀρχιερεῦσιν καὶ τοῖς γραμματεῦσιν, καὶ κατακρινοῦσιν αὐτὸν θανάτῳ καὶ παραδώσουσιν αὐτὸν τοῖς ἔθνεσιν"
41,Mark,10,34,Mark 10:34,"καὶ ἐμπαίξουσιν αὐτῷ καὶ ἐμπτύσουσιν αὐτῷ καὶ μαστιγώσουσιν αὐτὸν καὶ ἀποκτενοῦσιν αὐτόν, καὶ μετὰ τρεῖς ἡμέρας ἀναστήσεται.¶"
41,Mark,10,35,Mark 10:35,"Καὶ προσπορεύονται αὐτῷ Ἰάκωβος καὶ Ἰωάννης, οἱ δύο υἱοὶ Ζεβεδαίου, λέγοντες αὐτῷ· διδάσκαλε, θέλομεν ἵνα ὃ ἐὰν αἰτήσωμέν σε ποιήσῃς ἡμῖν.¶"
41,Mark,10,36,Mark 10:36,Ὁ δὲ εἶπεν αὐτοῖς· τί θέλετέ με ποιήσω ὑμῖν;
41,Mark,10,37,Mark 10:37,οἱ δὲ εἶπαν αὐτῷ· δὸς ἡμῖν ἵνα εἷς σου ἐκ δεξιῶν καὶ εἷς ἐξ ἀριστερῶν σου καθίσωμεν ἐν τῇ δόξῃ σου.¶
41,Mark,10,38,Mark 10:38,Ὁ δὲ Ἰησοῦς εἶπεν αὐτοῖς· οὐκ οἴδατε τί αἰτεῖσθε. δύνασθε πιεῖν τὸ ποτήριον ὃ ἐγὼ πίνω ἢ τὸ βάπτισμα ὃ ἐγὼ βαπτίζομαι βαπτισθῆναι;
41,Mark,10,39,Mark 10:39,"οἱ δὲ εἶπαν αὐτῷ· δυνάμεθα. ὁ δὲ Ἰησοῦς εἶπεν αὐτοῖς· τὸ μὲν ποτήριον ὃ ἐγὼ πίνω πίεσθε, καὶ τὸ βάπτισμα ὃ ἐγὼ βαπτίζομαι βαπτισθήσεσθε·"
41,Mark,10,40,Mark 10:40,τὸ δὲ καθίσαι ἐκ δεξιῶν μου ἢ ἐξ εὐωνύμων μου οὐκ ἔστιν ἐμὸν δοῦναι ἀλλ᾽ (all᾽) οἷς ἡτοίμασται.¶
41,Mark,10,41,Mark 10:41,Καὶ ἀκούσαντες οἱ δέκα ἤρξαντο ἀγανακτεῖν περὶ Ἰακώβου καὶ Ἰωάννου.¶
41,Mark,10,42,Mark 10:42,"Ὁ Καὶ δὲ προσκαλεσάμενος αὐτοὺς ὁ Ἰησοῦς λέγει αὐτοῖς· οἴδατε ὅτι οἱ δοκοῦντες ἄρχειν τῶν ἐθνῶν κατακυριεύουσιν αὐτῶν, καὶ οἱ μεγάλοι αὐτῶν κατεξουσιάζουσιν αὐτῶν."
41,Mark,10,43,Mark 10:43,"οὐχ οὕτως δέ ἐστιν ἐν ὑμῖν, ἀλλ᾽ (all᾽) ὃς ἂν θέλῃ μέγας γενέσθαι ἐν ὑμῖν, ἔσται ὑμῶν διάκονος·"
41,Mark,10,44,Mark 10:44,"καὶ ὃς ἂν θέλῃ ἐν ὑμῖν εἶναι πρῶτος, ἔσται πάντων δοῦλος."
41,Mark,10,45,Mark 10:45,καὶ γὰρ ὁ υἱὸς τοῦ ἀνθρώπου οὐκ ἦλθεν διακονηθῆναι ἀλλὰ διακονῆσαι καὶ δοῦναι τὴν ψυχὴν αὐτοῦ λύτρον ἀντὶ πολλῶν.¶
41,Mark,10,46,Mark 10:46,"Καὶ ἔρχονται εἰς Ἰεριχώ. καὶ ἐκπορευομένου αὐτοῦ ἀπὸ Ἰεριχὼ καὶ τῶν μαθητῶν αὐτοῦ καὶ ὄχλου ἱκανοῦ ὁ υἱὸς Τιμαίου Βαρτιμαῖος, ὁ τυφλὸς προσαίτης, ἐκάθητο παρὰ τὴν ὁδόν."
41,Mark,10,47,Mark 10:47,"καὶ ἀκούσας ὅτι Ἰησοῦς ὁ Ναζαρηνός ἐστιν, ἤρξατο κράζειν καὶ λέγειν· ὁ υἱὲ Δαυὶδ Ἰησοῦ, ἐλέησόν με."
41,Mark,10,48,Mark 10:48,"καὶ ἐπετίμων αὐτῷ πολλοὶ ἵνα σιωπήσῃ. ὁ δὲ πολλῷ μᾶλλον ἔκραζεν· υἱὲ Δαυίδ, ἐλέησόν με."
41,Mark,10,49,Mark 10:49,"καὶ στὰς ὁ Ἰησοῦς εἶπεν· φωνήσατε αὐτόν. καὶ φωνοῦσιν τὸν τυφλὸν λέγοντες αὐτῷ· θάρσει, ἔγειρε, φωνεῖ σε."
41,Mark,10,50,Mark 10:50,ὁ δὲ ἀποβαλὼν τὸ ἱμάτιον αὐτοῦ ἀναπηδήσας ἦλθεν πρὸς τὸν Ἰησοῦν.
41,Mark,10,51,Mark 10:51,"καὶ ἀποκριθεὶς αὐτῷ ὁ Ἰησοῦς εἶπεν· τί σοι θέλεις ποιήσω; ὁ δὲ τυφλὸς εἶπεν αὐτῷ· ραββουνι, ἵνα ἀναβλέψω."
41,Mark,10,52,Mark 10:52,"καὶ ὁ δὲ Ἰησοῦς εἶπεν αὐτῷ· ὕπαγε, ἡ πίστις σου σέσωκέν σε. καὶ εὐθὺς ἀνέβλεψεν καὶ ἠκολούθει αὐτῷ Ἰησοῦ ἐν τῇ ὁδῷ.¶"
41,Mark,11,1,Mark 11:1,"Καὶ ὅτε ἐγγίζουσιν εἰς Ἱεροσόλυμα (Hi'erosoluma) εἰς Βηθφαγὴ καὶ Βηθανίαν πρὸς τὸ ὄρος τῶν ἐλαιῶν, ἀποστέλλει δύο τῶν μαθητῶν αὐτοῦ"
41,Mark,11,2,Mark 11:2,καὶ λέγει αὐτοῖς· ὑπάγετε εἰς τὴν κώμην τὴν κατέναντι ὑμῶν· καὶ εὐθὺς εἰσπορευόμενοι εἰς αὐτὴν εὑρήσετε πῶλον δεδεμένον ἐφ᾽ (eph᾽) ὃν οὐδεὶς οὔπω ἀνθρώπων ἐκάθισεν· λύσατε αὐτὸν καὶ φέρετε.
41,Mark,11,3,Mark 11:3,"καὶ ἐάν τις ὑμῖν εἴπῃ· τί ποιεῖτε τοῦτο; εἴπατε ὅτι ὁ κύριος αὐτοῦ χρείαν ἔχει, καὶ εὐθὺς αὐτὸν ἀποστέλλει πάλιν ὧδε."
41,Mark,11,4,Mark 11:4,καὶ ἀπῆλθον δὲ καὶ εὗρον τὸν πῶλον δεδεμένον πρὸς τὴν θύραν ἔξω ἐπὶ τοῦ ἀμφόδου καὶ λύουσιν αὐτόν.
41,Mark,11,5,Mark 11:5,καί τινες τῶν ἐκεῖ ἑστηκότων ἔλεγον αὐτοῖς· τί ποιεῖτε λύοντες τὸν πῶλον;
41,Mark,11,6,Mark 11:6,"οἱ δὲ εἶπαν αὐτοῖς καθὼς εἶπεν ὁ Ἰησοῦς, καὶ ἀφῆκαν αὐτούς."
41,Mark,11,7,Mark 11:7,"καὶ φέρουσιν τὸν πῶλον πρὸς τὸν Ἰησοῦν καὶ ἐπιβάλλουσιν αὐτῷ τὰ ἱμάτια αὐτῶν, καὶ ἐκάθισεν ἐπ᾽ (ep᾽) αὐτόν."
41,Mark,11,8,Mark 11:8,"καὶ πολλοὶ δὲ τὰ ἱμάτια αὐτῶν ἔστρωσαν εἰς τὴν ὁδόν, ἄλλοι δὲ στιβάδας κόψαντες ἐκ τῶν ἀγρῶν καὶ ἐστρώννυον εἰς τὴν ὁδόν."
41,Mark,11,9,Mark 11:9,"καὶ οἱ προάγοντες καὶ οἱ ἀκολουθοῦντες ἔκραζον λέγοντες· ὡσαννά, εὐλογημένος ὁ ἐρχόμενος ἐν ὀνόματι κυρίου,"
41,Mark,11,10,Mark 11:10,"εὐλογημένη ἡ ἐρχομένη βασιλεία ἐν ὀνόματι κυρίου τοῦ πατρὸς ἡμῶν Δαυίδ, ὡσαννὰ ἐν τοῖς ὑψίστοις.¶"
41,Mark,11,11,Mark 11:11,"Καὶ εἰσῆλθεν εἰς Ἱεροσόλυμα (Hi'erosoluma) ὁ Ἰησοῦς καὶ εἰς τὸ ἱερόν, (hi'eron) καὶ περιβλεψάμενος πάντα, ὀψίας ἤδη οὔσης τῆς ὥρας, ἐξῆλθεν εἰς Βηθανίαν μετὰ τῶν δώδεκα.¶"
41,Mark,11,12,Mark 11:12,Καὶ τῇ ἐπαύριον ἐξελθόντων αὐτῶν ἀπὸ Βηθανίας ἐπείνασεν.
41,Mark,11,13,Mark 11:13,καὶ ἰδὼν συκῆν ἀπὸ μακρόθεν ἔχουσαν φύλλα ἦλθεν εἰ ἄρα τι εὑρήσει ἐν αὐτῇ. καὶ ἐλθὼν ἐπ᾽ (ep᾽) αὐτὴν οὐδὲν εὗρεν εἰ μὴ φύλλα· ὁ γὰρ καιρὸς οὐκ ἦν σύκων.
41,Mark,11,14,Mark 11:14,καὶ ἀποκριθεὶς ὁ Ἰησοῦς εἶπεν αὐτῇ· μηκέτι εἰς τὸν αἰῶνα ἐκ σοῦ μηδεὶς καρπὸν φάγοι. καὶ ἤκουον οἱ μαθηταὶ αὐτοῦ.
41,Mark,11,15,Mark 11:15,"καὶ ἔρχονται εἰς Ἱεροσόλυμα, (Hi'erosoluma) καὶ εἰσελθὼν ὁ Ἰησοῦς εἰς τὸ ἱερὸν (hi'eron) ἤρξατο ἐκβάλλειν τοὺς πωλοῦντας καὶ τοὺς ἀγοράζοντας ἐν τῷ ἱερῷ, (hi'erō) καὶ τὰς τραπέζας τῶν κολλυβιστῶν καὶ τὰς καθέδρας τῶν πωλούντων τὰς περιστερὰς κατέστρεψεν"
41,Mark,11,16,Mark 11:16,καὶ οὐκ ἤφιεν ἵνα τις διενέγκῃ σκεῦος διὰ τοῦ ἱεροῦ. (hi'erou)
41,Mark,11,17,Mark 11:17,καὶ ἐδίδασκεν καὶ ἔλεγεν αὐτοῖς· οὐ γέγραπται ὅτι ὁ οἶκός μου οἶκος προσευχῆς κληθήσεται πᾶσιν τοῖς ἔθνεσιν; ὑμεῖς δὲ πεποιήκατε αὐτὸν σπήλαιον λῃστῶν.¶
41,Mark,11,18,Mark 11:18,"Καὶ ἤκουσαν οἱ ἀρχιερεῖς καὶ οἱ γραμματεῖς καὶ ἐζήτουν πῶς αὐτὸν ἀπολέσωσιν· ἐφοβοῦντο γὰρ αὐτόν, πᾶς γὰρ ὁ ὄχλος ἐξεπλήσσετο ἐπὶ τῇ διδαχῇ αὐτοῦ.¶"
41,Mark,11,19,Mark 11:19,"Καὶ ὅταν ὀψὲ ἐγένετο, ἐξεπορεύοντο ἔξω τῆς πόλεως."
41,Mark,11,20,Mark 11:20,καὶ παραπορευόμενοι πρωῒ εἶδον τὴν συκῆν ἐξηραμμένην ἐκ ῥιζῶν.
41,Mark,11,21,Mark 11:21,"καὶ ἀναμνησθεὶς ὁ Πέτρος λέγει αὐτῷ· ῥαββί, ἴδε ἡ συκῆ ἣν κατηράσω ἐξήρανται.¶"
41,Mark,11,22,Mark 11:22,Καὶ ἀποκριθεὶς ὁ Ἰησοῦς λέγει αὐτοῖς· ἔχετε πίστιν θεοῦ.
41,Mark,11,23,Mark 11:23,"ἀμὴν γὰρ λέγω ὑμῖν ὅτι ὃς ἂν εἴπῃ τῷ ὄρει τούτῳ· ἄρθητι καὶ βλήθητι εἰς τὴν θάλασσαν, καὶ μὴ διακριθῇ ἐν τῇ καρδίᾳ αὐτοῦ ἀλλὰ πιστεύῃ ὅτι ὃ λαλεῖ γίνεται, ἔσται αὐτῷ ὃ ἐὰν εἴπῃ.¶"
41,Mark,11,24,Mark 11:24,"διὰ τοῦτο λέγω ὑμῖν· πάντα ὅσα ἄν προσεύχεσθε καὶ αἰτεῖσθε, πιστεύετε ὅτι ἐλάβετε, καὶ ἔσται ὑμῖν."
41,Mark,11,25,Mark 11:25,"καὶ ὅταν στήκετε προσευχόμενοι, ἀφίετε εἴ τι ἔχετε κατά τινος ἵνα καὶ ὁ πατὴρ ὑμῶν ὁ ἐν τοῖς οὐρανοῖς ἀφῇ ὑμῖν τὰ παραπτώματα ὑμῶν."
41,Mark,11,26,Mark 11:26,"εἰ δὲ ὑμεῖς οὖκ ἀφίετε, οὐδὲ ὁ πατὴρ ὑμῶν ὁ ἐν τοῖς οὐρανοῖς ἀφήσει τὰ παραπτώματα ὑμῶν.¶"
41,Mark,11,27,Mark 11:27,Καὶ ἔρχονται πάλιν εἰς Ἱεροσόλυμα· (Hi'erosoluma) καὶ ἐν τῷ ἱερῷ (hi'erō) περιπατοῦντος αὐτοῦ ἔρχονται πρὸς αὐτὸν οἱ ἀρχιερεῖς καὶ οἱ γραμματεῖς καὶ οἱ πρεσβύτεροι
41,Mark,11,28,Mark 11:28,καὶ ἔλεγον αὐτῷ· ἐν ποίᾳ ἐξουσίᾳ ταῦτα ποιεῖς ἢ τίς σοι ἔδωκεν τὴν ἐξουσίαν ταύτην ἵνα ταῦτα ποιῇς;
41,Mark,11,29,Mark 11:29,"ὁ δὲ Ἰησοῦς ἀποκριθεὶς εἶπεν αὐτοῖς· ἐπερωτήσω ὑμᾶς κἀγὼ ἕνα λόγον, καὶ ἀποκρίθητέ μοι, καὶ ἐρῶ ὑμῖν ἐν ποίᾳ ἐξουσίᾳ ταῦτα ποιῶ."
41,Mark,11,30,Mark 11:30,τὸ βάπτισμα τὸ Ἰωάννου ἐξ οὐρανοῦ ἦν ἢ ἐξ ἀνθρώπων; ἀποκρίθητέ μοι.
41,Mark,11,31,Mark 11:31,"καὶ διελογίζοντο πρὸς ἑαυτοὺς (he'autous) λέγοντες· τί εἴπωμεν ἐὰν εἴπωμεν· ἐξ οὐρανοῦ, ἐρεῖ· διὰ τί οὖν οὐκ ἐπιστεύσατε αὐτῷ;"
41,Mark,11,32,Mark 11:32,"ἀλλ᾽ (all᾽) ἐὰν εἴπωμεν· ἐξ ἀνθρώπων, ἐφοβοῦντο τὸν ὄχλον· ἅπαντες γὰρ εἶχον τὸν Ἰωάννην ὄντως ὅτι προφήτης ἦν."
41,Mark,11,33,Mark 11:33,καὶ ἀποκριθέντες τῷ Ἰησοῦ λέγουσιν· οὐκ οἴδαμεν. καὶ ὁ Ἰησοῦς ἀποκριθεὶς λέγει αὐτοῖς· οὐδὲ ἐγὼ λέγω ὑμῖν ἐν ποίᾳ ἐξουσίᾳ ταῦτα ποιῶ.¶
41,Mark,12,1,Mark 12:1,Καὶ ἤρξατο αὐτοῖς ἐν παραβολαῖς λαλεῖν· ἀμπελῶνα ἄνθρωπος ἐφύτευσεν καὶ περιέθηκεν φραγμὸν καὶ ὤρυξεν ὑπολήνιον καὶ ᾠκοδόμησεν πύργον καὶ ἐξέδετο αὐτὸν γεωργοῖς καὶ ἀπεδήμησεν
41,Mark,12,2,Mark 12:2,καὶ ἀπέστειλεν πρὸς τοὺς γεωργοὺς τῷ καιρῷ δοῦλον ἵνα παρὰ τῶν γεωργῶν λάβῃ ἀπὸ τῶν καρπῶν τοῦ ἀμπελῶνος.
41,Mark,12,3,Mark 12:3,οἱ καὶ λαβόντες αὐτὸν ἔδειραν καὶ ἀπέστειλαν κενόν.
41,Mark,12,4,Mark 12:4,καὶ πάλιν ἀπέστειλεν πρὸς αὐτοὺς ἄλλον δοῦλον· κἀκεῖνον λιθοβολήσαντες ἐκεφαλίωσαν καὶ ἀπέστειλαν ἠτίμασαν.
41,Mark,12,5,Mark 12:5,"καὶ πάλιν ἄλλον ἀπέστειλεν· κἀκεῖνον ἀπέκτειναν, καὶ πολλοὺς ἄλλους, οὓς μὲν δέροντες, οὓς δὲ ἀποκτέννοντες."
41,Mark,12,6,Mark 12:6,ἔτι οὖν ἕνα εἶχεν υἱὸν ἀγαπητόν αὐτοῦ· ἀπέστειλεν καὶ αὐτὸν ἔσχατον πρὸς αὐτοὺς λέγων ὅτι ἐντραπήσονται τὸν υἱόν μου.
41,Mark,12,7,Mark 12:7,"ἐκεῖνοι δὲ οἱ γεωργοὶ πρὸς ἑαυτοὺς (he'autous) εἶπαν ὅτι οὗτός ἐστιν ὁ κληρονόμος· δεῦτε ἀποκτείνωμεν αὐτόν, καὶ ἡμῶν ἔσται ἡ κληρονομία."
41,Mark,12,8,Mark 12:8,καὶ λαβόντες ἀπέκτειναν αὐτὸν καὶ ἐξέβαλον αὐτὸν ἔξω τοῦ ἀμπελῶνος.
41,Mark,12,9,Mark 12:9,τί οὖν ποιήσει ὁ κύριος τοῦ ἀμπελῶνος; ἐλεύσεται καὶ ἀπολέσει τοὺς γεωργοὺς καὶ δώσει τὸν ἀμπελῶνα ἄλλοις.
41,Mark,12,10,Mark 12:10,"οὐδὲ τὴν γραφὴν ταύτην ἀνέγνωτε· λίθον ὃν ἀπεδοκίμασαν οἱ οἰκοδομοῦντες, οὗτος ἐγενήθη εἰς κεφαλὴν γωνίας·"
41,Mark,12,11,Mark 12:11,"παρὰ κυρίου ἐγένετο αὕτη, καὶ ἔστιν θαυμαστὴ ἐν ὀφθαλμοῖς ἡμῶν;"
41,Mark,12,12,Mark 12:12,καὶ ἐζήτουν αὐτὸν κρατῆσαι καὶ ἐφοβήθησαν τὸν ὄχλον· ἔγνωσαν γὰρ ὅτι πρὸς αὐτοὺς τὴν παραβολὴν εἶπεν. καὶ ἀφέντες αὐτὸν ἀπῆλθον.¶
41,Mark,12,13,Mark 12:13,Καὶ ἀποστέλλουσιν πρὸς αὐτόν τινας τῶν Φαρισαίων καὶ τῶν Ἡρῳδιανῶν ἵνα αὐτὸν ἀγρεύσωσιν λόγῳ.
41,Mark,12,14,Mark 12:14,"οἱ καὶ ἐλθόντες λέγουσιν αὐτῷ· διδάσκαλε, οἴδαμεν ὅτι ἀληθὴς εἶ καὶ οὐ μέλει σοι περὶ οὐδενός· οὐ γὰρ βλέπεις εἰς πρόσωπον ἀνθρώπων ἀλλ᾽ (all᾽) ἐπ᾽ (ep᾽) ἀληθείας τὴν ὁδὸν τοῦ θεοῦ διδάσκεις. ἔξεστιν δοῦναι κῆνσον Καίσαρι ἢ οὔ;"
41,Mark,12,15,Mark 12:15,Ὁ δὲ εἰδὼς αὐτῶν τὴν ὑπόκρισιν εἶπεν αὐτοῖς· τί με πειράζετε; φέρετέ μοι δηνάριον ἵνα ἴδω.
41,Mark,12,16,Mark 12:16,οἱ δὲ ἤνεγκαν. καὶ λέγει αὐτοῖς· τίνος ἡ εἰκὼν αὕτη καὶ ἡ ἐπιγραφή; οἱ δὲ εἶπαν αὐτῷ· Καίσαρος.
41,Mark,12,17,Mark 12:17,Καὶ ἀποκριθεὶς ὁ δὲ Ἰησοῦς εἶπεν αὐτοῖς· τὰ Καίσαρος ἀπόδοτε Καίσαρι καὶ τὰ τοῦ θεοῦ τῷ θεῷ. καὶ ἐξεθαύμαζον ἐπ᾽ (ep᾽) αὐτῷ.¶
41,Mark,12,18,Mark 12:18,"Καὶ ἔρχονται Σαδδουκαῖοι πρὸς αὐτὸν οἵτινες λέγουσιν ἀνάστασιν μὴ εἶναι, καὶ ἐπηρώτων αὐτὸν λέγοντες·"
41,Mark,12,19,Mark 12:19,"διδάσκαλε, Μωϋσῆς ἔγραψεν ἡμῖν ὅτι ἐάν τινος ἀδελφὸς ἀποθάνῃ καὶ καταλίπῃ γυναῖκα καὶ μὴ ἀφῇ τέκνον ἵνα λάβῃ ὁ ἀδελφὸς αὐτοῦ τὴν γυναῖκα αὐτοῦ καὶ ἐξαναστήσῃ σπέρμα τῷ ἀδελφῷ αὐτοῦ."
41,Mark,12,20,Mark 12:20,ἑπτὰ ἀδελφοὶ ἦσαν· καὶ ὁ πρῶτος ἔλαβεν γυναῖκα καὶ ἀποθνῄσκων οὐκ ἀφῆκεν σπέρμα.
41,Mark,12,21,Mark 12:21,καὶ ὁ δεύτερος ἔλαβεν αὐτὴν καὶ ἀπέθανεν καὶ μὴ αὐτὸς καταλιπὼν σπέρμα καὶ ὁ τρίτος ὡσαύτως·
41,Mark,12,22,Mark 12:22,καὶ ἔλαβον αὐτὴν οἱ ἑπτὰ καὶ οὐκ ἀφῆκαν σπέρμα. ἔσχατον πάντων καὶ ἡ γυνὴ ἀπέθανεν.
41,Mark,12,23,Mark 12:23,ἐν τῇ οὖν ἀναστάσει ὅταν ἀναστῶσιν τίνος αὐτῶν ἔσται γυνή; οἱ γὰρ ἑπτὰ ἔσχον αὐτὴν γυναῖκα.¶
41,Mark,12,24,Mark 12:24,Καὶ ἔφη αὐτοῖς ὁ Ἰησοῦς εἶπεν· οὐ διὰ τοῦτο πλανᾶσθε μὴ εἰδότες τὰς γραφὰς μηδὲ τὴν δύναμιν τοῦ θεοῦ;
41,Mark,12,25,Mark 12:25,"ὅταν γὰρ ἐκ νεκρῶν ἀναστῶσιν, οὔτε γαμοῦσιν οὔτε γαμίζονται ἀλλ᾽ (all᾽) εἰσὶν ὡς ἄγγελοι οἱ ἐν τοῖς οὐρανοῖς."
41,Mark,12,26,Mark 12:26,"περὶ δὲ τῶν νεκρῶν ὅτι ἐγείρονται, οὐκ ἀνέγνωτε ἐν τῇ βίβλῳ Μωϋσέως ἐπὶ τοῦ βάτου πῶς εἶπεν αὐτῷ ὁ θεὸς λέγων· ἐγὼ ὁ θεὸς Ἀβραὰμ καὶ ὁ θεὸς Ἰσαὰκ καὶ ὁ θεὸς Ἰακώβ;"
41,Mark,12,27,Mark 12:27,οὐκ ἔστιν ὁ θεὸς νεκρῶν ἀλλὰ θεὸς ζώντων· ὑμεῖς οὖν πολὺ πλανᾶσθε.¶
41,Mark,12,28,Mark 12:28,"Καὶ προσελθὼν εἷς τῶν γραμματέων, ἀκούσας αὐτῶν συζητούντων, ἰδὼν ὅτι καλῶς ἀπεκρίθη αὐτοῖς, ἐπηρώτησεν αὐτόν· ποία ἐστὶν ἐντολὴ πρώτη πάντων;"
41,Mark,12,29,Mark 12:29,"δὲ ἀπεκρίθη ὁ Ἰησοῦς αὐτῷ ὅτι πρώτη ἐστίν πασῶν τῶν ἐντολῶν· ἄκουε Ἰσραήλ, κύριος ὁ θεὸς ἡμῶν κύριος εἷς ἐστιν·"
41,Mark,12,30,Mark 12:30,καὶ ἀγαπήσεις κύριον τὸν θεόν σου ἐξ ὅλης τῆς καρδίας σου καὶ ἐξ ὅλης τῆς ψυχῆς σου καὶ ἐξ ὅλης τῆς διανοίας σου καὶ ἐξ ὅλης τῆς ἰσχύος σου. αὕτη πρώτη ἐντολή.
41,Mark,12,31,Mark 12:31,καὶ δευτέρα ὁμοία αὕτη· ἀγαπήσεις τὸν πλησίον σου ὡς σεαυτόν. μείζων τούτων ἄλλη ἐντολὴ οὐκ ἔστιν.
41,Mark,12,32,Mark 12:32,"καὶ εἶπεν αὐτῷ ὁ γραμματεύς· καλῶς, διδάσκαλε, ἐπ᾽ (ep᾽) ἀληθείας εἶπες ὅτι εἷς ἐστιν θεὸς καὶ οὐκ ἔστιν ἄλλος πλὴν αὐτοῦ."
41,Mark,12,33,Mark 12:33,καὶ τὸ ἀγαπᾶν αὐτὸν ἐξ ὅλης τῆς καρδίας καὶ ἐξ ὅλης τῆς συνέσεως καὶ ἐξ ὅλης τῆς ψυχῆς καὶ ἐξ ὅλης τῆς ἰσχύος καὶ τὸ ἀγαπᾶν τὸν πλησίον ὡς ἑαυτὸν (he'auton) περισσότερόν ἐστιν πάντων τῶν ὁλοκαυτωμάτων καὶ τῶν θυσιῶν.
41,Mark,12,34,Mark 12:34,καὶ ὁ Ἰησοῦς ἰδὼν αὐτὸν ὅτι νουνεχῶς ἀπεκρίθη εἶπεν αὐτῷ· οὐ μακρὰν εἶ ἀπὸ τῆς βασιλείας τοῦ θεοῦ. καὶ οὐδεὶς οὐκέτι ἐτόλμα αὐτὸν ἐπερωτῆσαι.¶
41,Mark,12,35,Mark 12:35,Καὶ ἀποκριθεὶς ὁ Ἰησοῦς ἔλεγεν διδάσκων ἐν τῷ ἱερῷ· (hi'erō) πῶς λέγουσιν οἱ γραμματεῖς ὅτι ὁ χριστὸς υἱὸς Δαυίδ ἐστιν;
41,Mark,12,36,Mark 12:36,αὐτὸς γὰρ Δαυὶδ εἶπεν ἐν τῷ πνεύματι τῷ ἁγίῳ· εἶπεν ὁ κύριος τῷ κυρίῳ μου· κάθου ἐκ δεξιῶν μου ἕως (he'ōs) ἂν θῶ τοὺς ἐχθρούς σου ὑποκάτω τῶν ποδῶν σου.
41,Mark,12,37,Mark 12:37,"αὐτὸς οὖν Δαυὶδ λέγει αὐτὸν κύριον, καὶ πόθεν αὐτοῦ ἐστιν υἱός; καὶ ὁ πολὺς ὄχλος ἤκουεν αὐτοῦ ἡδέως.¶"
41,Mark,12,38,Mark 12:38,Καὶ αὐτοῖς ἐν τῇ διδαχῇ αὐτοῦ ἔλεγεν· βλέπετε ἀπὸ τῶν γραμματέων τῶν θελόντων ἐν στολαῖς περιπατεῖν καὶ ἀσπασμοὺς ἐν ταῖς ἀγοραῖς
41,Mark,12,39,Mark 12:39,"καὶ πρωτοκαθεδρίας ἐν ταῖς συναγωγαῖς καὶ πρωτοκλισίας ἐν τοῖς δείπνοις,"
41,Mark,12,40,Mark 12:40,"οἱ κατεσθίοντες τὰς οἰκίας τῶν χηρῶν καὶ προφάσει μακρὰ προσευχόμενοι, οὗτοι λήμψονται περισσότερον κρίμα.¶"
41,Mark,12,41,Mark 12:41,Καὶ καθίσας ὁ Ἰησοῦς κατέναντι τοῦ γαζοφυλακίου ἐθεώρει πῶς ὁ ὄχλος βάλλει χαλκὸν εἰς τὸ γαζοφυλάκιον. καὶ πολλοὶ πλούσιοι ἔβαλλον πολλά·
41,Mark,12,42,Mark 12:42,καὶ ἐλθοῦσα μία χήρα πτωχὴ ἔβαλεν λεπτὰ δύο ὅ ἐστιν κοδράντης.
41,Mark,12,43,Mark 12:43,καὶ προσκαλεσάμενος τοὺς μαθητὰς αὐτοῦ εἶπεν αὐτοῖς· ἀμὴν λέγω ὑμῖν ὅτι ἡ χήρα αὕτη ἡ πτωχὴ πλεῖον πάντων ἔβαλεν τῶν βαλλόντων εἰς τὸ γαζοφυλάκιον·
41,Mark,12,44,Mark 12:44,"πάντες γὰρ ἐκ τοῦ περισσεύοντος αὐτοῖς ἔβαλον, αὕτη δὲ ἐκ τῆς ὑστερήσεως αὐτῆς πάντα ὅσα εἶχεν ἔβαλεν, ὅλον τὸν βίον αὐτῆς.¶"
41,Mark,13,1,Mark 13:1,"Καὶ ἐκπορευομένου αὐτοῦ ἐκ τοῦ ἱεροῦ (hi'erou) λέγει αὐτῷ εἷς τῶν μαθητῶν αὐτοῦ· διδάσκαλε, ἴδε ποταποὶ λίθοι καὶ ποταπαὶ οἰκοδομαί.¶"
41,Mark,13,2,Mark 13:2,Καὶ ὁ Ἰησοῦς ἀποκριθεὶς εἶπεν αὐτῷ· βλέπεις ταύτας τὰς μεγάλας οἰκοδομάς; οὐ μὴ ἀφεθῇ ὧδε λίθος ἐπὶ λίθον ὃς οὐ μὴ καταλυθῇ.¶
41,Mark,13,3,Mark 13:3,Καὶ καθημένου αὐτοῦ εἰς τὸ ὄρος τῶν ἐλαιῶν κατέναντι τοῦ ἱεροῦ (hi'erou) ἐπηρώτα αὐτὸν κατ᾽ (kat᾽) ἰδίαν Πέτρος καὶ Ἰάκωβος καὶ Ἰωάννης καὶ Ἀνδρέας·
41,Mark,13,4,Mark 13:4,εἰπὸν ἡμῖν· πότε ταῦτα ἔσται καὶ τί τὸ σημεῖον ὅταν μέλλῃ ταῦτα συντελεῖσθαι πάντα;¶
41,Mark,13,5,Mark 13:5,Ὁ δὲ Ἰησοῦς ἀποκριθεὶς ἤρξατο λέγειν αὐτοῖς· βλέπετε μή τις ὑμᾶς πλανήσῃ.
41,Mark,13,6,Mark 13:6,"πολλοὶ γὰρ ἐλεύσονται ἐπὶ τῷ ὀνόματί μου λέγοντες ὅτι ἐγώ εἰμι, καὶ πολλοὺς πλανήσουσιν."
41,Mark,13,7,Mark 13:7,"ὅταν δὲ ἀκούσητε πολέμους καὶ ἀκοὰς πολέμων, μὴ θροεῖσθε· δεῖ γὰρ γενέσθαι, ἀλλ᾽ (all᾽) οὔπω τὸ τέλος."
41,Mark,13,8,Mark 13:8,ἐγερθήσεται γὰρ ἔθνος ἐπ᾽ (ep᾽) ἔθνος καὶ βασιλεία ἐπὶ βασιλείαν· καὶ ἔσονται σεισμοὶ κατὰ τόπους· καὶ ἔσονται λιμοί καὶ ταραχαί· ἀρχὴ ὠδίνων ταῦτα.¶
41,Mark,13,9,Mark 13:9,"Βλέπετε δὲ ὑμεῖς ἑαυτούς· (he'autous) παραδώσουσιν γὰρ ὑμᾶς εἰς συνέδρια, καὶ εἰς συναγωγὰς δαρήσεσθε καὶ ἐπὶ ἡγεμόνων καὶ βασιλέων σταθήσεσθε ἕνεκεν ἐμοῦ εἰς μαρτύριον αὐτοῖς."
41,Mark,13,10,Mark 13:10,καὶ εἰς πάντα τὰ ἔθνη πρῶτον δεῖ κηρυχθῆναι τὸ εὐαγγέλιον.
41,Mark,13,11,Mark 13:11,"καὶ ὅταν δὲ ἄγωσιν ὑμᾶς παραδιδόντες, μὴ προμεριμνᾶτε τί λαλήσητε μηδὲ μελετᾶτε· ἀλλ᾽ (all᾽) ὃ ἐὰν δοθῇ ὑμῖν ἐν ἐκείνῃ τῇ ὥρᾳ, τοῦτο λαλεῖτε· οὐ γάρ ἐστε ὑμεῖς οἱ λαλοῦντες ἀλλὰ τὸ πνεῦμα τὸ ἅγιον."
41,Mark,13,12,Mark 13:12,"καὶ παραδώσει δὲ ἀδελφὸς ἀδελφὸν εἰς θάνατον καὶ πατὴρ τέκνον, καὶ ἐπαναστήσονται τέκνα ἐπὶ γονεῖς καὶ θανατώσουσιν αὐτούς."
41,Mark,13,13,Mark 13:13,"καὶ ἔσεσθε μισούμενοι ὑπὸ πάντων διὰ τὸ ὄνομά μου. ὁ δὲ ὑπομείνας εἰς τέλος, οὗτος σωθήσεται."
41,Mark,13,14,Mark 13:14,"ὅταν δὲ ἴδητε τὸ βδέλυγμα τῆς ἐρημώσεως τὸ ῥηθὲν ὑπὸ Δανιὴλ τοῦ προφήτου ἑστηκότα ὅπου οὐ δεῖ, ὁ ἀναγινώσκων νοείτω, τότε οἱ ἐν τῇ Ἰουδαίᾳ φευγέτωσαν εἰς τὰ ὄρη·"
41,Mark,13,15,Mark 13:15,ὁ δὲ ἐπὶ τοῦ δώματος μὴ καταβάτω εἰς τὴν οἰκίαν μηδὲ εἰσελθάτω ἆραί τι ἐκ τῆς οἰκίας αὐτοῦ·
41,Mark,13,16,Mark 13:16,καὶ ὁ εἰς τὸν ἀγρὸν ὢν μὴ ἐπιστρεψάτω εἰς τὰ ὀπίσω ἆραι τὸ ἱμάτιον αὐτοῦ.
41,Mark,13,17,Mark 13:17,οὐαὶ δὲ ταῖς ἐν γαστρὶ ἐχούσαις καὶ ταῖς θηλαζούσαις ἐν ἐκείναις ταῖς ἡμέραις.
41,Mark,13,18,Mark 13:18,προσεύχεσθε δὲ ἵνα μὴ γένηται ἡ φυγὴ ὑμῶν χειμῶνος.
41,Mark,13,19,Mark 13:19,ἔσονται γὰρ αἱ ἡμέραι ἐκεῖναι θλῖψις οἵα οὐ γέγονεν τοιαύτη ἀπ᾽ (ap᾽) ἀρχῆς κτίσεως ἣν ἔκτισεν ὁ θεὸς ἕως (he'ōs) τοῦ νῦν καὶ οὐ μὴ γένηται.
41,Mark,13,20,Mark 13:20,"καὶ εἰ μὴ ἐκολόβωσεν κύριος τὰς ἡμέρας, οὐκ ἂν ἐσώθη πᾶσα σάρξ· ἀλλὰ διὰ τοὺς ἐκλεκτοὺς οὓς ἐξελέξατο ἐκολόβωσεν τὰς ἡμέρας."
41,Mark,13,21,Mark 13:21,"καὶ τότε ἐάν τις ὑμῖν εἴπῃ· ἴδε ὧδε ὁ χριστός ἢ, ἴδε ἐκεῖ, μὴ πιστεύετε."
41,Mark,13,22,Mark 13:22,ἐγερθήσονται γὰρ ψευδόχριστοι καὶ ψευδοπροφῆται καὶ δώσουσιν σημεῖα καὶ τέρατα πρὸς τὸ ἀποπλανᾶν εἰ δυνατὸν καὶ τοὺς ἐκλεκτούς.
41,Mark,13,23,Mark 13:23,ὑμεῖς δὲ βλέπετε· ἰδού προείρηκα ὑμῖν πάντα.¶
41,Mark,13,24,Mark 13:24,"Ἀλλ᾽ (All᾽) ἐν ἐκείναις ταῖς ἡμέραις μετὰ τὴν θλῖψιν ἐκείνην ὁ ἥλιος σκοτισθήσεται, καὶ ἡ σελήνη οὐ δώσει τὸ φέγγος αὐτῆς,"
41,Mark,13,25,Mark 13:25,"καὶ οἱ ἀστέρες ἔσονται ἐκ τοῦ οὐρανοῦ πίπτοντες, καὶ αἱ δυνάμεις αἱ ἐν τοῖς οὐρανοῖς σαλευθήσονται."
41,Mark,13,26,Mark 13:26,καὶ τότε ὄψονται τὸν υἱὸν τοῦ ἀνθρώπου ἐρχόμενον ἐν νεφέλαις μετὰ δυνάμεως πολλῆς καὶ δόξης.
41,Mark,13,27,Mark 13:27,καὶ τότε ἀποστελεῖ τοὺς ἀγγέλους αὐτοῦ καὶ ἐπισυνάξει τοὺς ἐκλεκτοὺς αὐτοῦ ἐκ τῶν τεσσάρων ἀνέμων ἀπ᾽ (ap᾽) ἄκρου γῆς ἕως (he'ōs) ἄκρου οὐρανοῦ.
41,Mark,13,28,Mark 13:28,"ἀπὸ δὲ τῆς συκῆς μάθετε τὴν παραβολήν· ὅταν ἤδη ὁ κλάδος αὐτῆς ἁπαλὸς γένηται, καὶ ἐκφύῃ τὰ φύλλα, γινώσκετε ὅτι ἐγγὺς τὸ θέρος ἐστίν."
41,Mark,13,29,Mark 13:29,"οὕτως καὶ ὑμεῖς, ὅταν ἴδητε ταῦτα γινόμενα, γινώσκετε ὅτι ἐγγύς ἐστιν ἐπὶ θύραις.¶"
41,Mark,13,30,Mark 13:30,Ἀμὴν λέγω ὑμῖν ὅτι οὐ μὴ παρέλθῃ ἡ γενεὰ αὕτη μέχρις οὗ ταῦτα πάντα γένηται.
41,Mark,13,31,Mark 13:31,"ὁ οὐρανὸς καὶ ἡ γῆ παρελεύσονται, οἱ δὲ λόγοι μου οὐ μὴ παρελεύσονται.¶"
41,Mark,13,32,Mark 13:32,Περὶ δὲ τῆς ἡμέρας ἐκείνης ἢ τῆς ὥρας οὐδεὶς οἶδεν οὐδὲ οἱ ἄγγελοι οἱ ἐν οὐρανῷ οὐδὲ ὁ υἱὸς εἰ μὴ ὁ πατήρ.
41,Mark,13,33,Mark 13:33,"Βλέπετε, ἀγρυπνεῖτε καὶ προσεύχεσθε· οὐκ οἴδατε γὰρ πότε ὁ καιρός ἐστιν."
41,Mark,13,34,Mark 13:34,"ὡς ἄνθρωπος ἀπόδημος ἀφεὶς τὴν οἰκίαν αὐτοῦ καὶ δοὺς τοῖς δούλοις αὐτοῦ τὴν ἐξουσίαν, καὶ ἑκάστῳ τὸ ἔργον αὐτοῦ, καὶ τῷ θυρωρῷ ἐνετείλατο ἵνα γρηγορῇ."
41,Mark,13,35,Mark 13:35,γρηγορεῖτε οὖν· οὐκ οἴδατε γὰρ πότε ὁ κύριος τῆς οἰκίας ἔρχεται ἢ ὀψὲ ἢ μεσονύκτιον ἢ ἀλεκτοροφωνίας ἢ πρωΐ·
41,Mark,13,36,Mark 13:36,μὴ ἐλθὼν ἐξαίφνης εὕρῃ ὑμᾶς καθεύδοντας.
41,Mark,13,37,Mark 13:37,"ὃ δὲ ὑμῖν λέγω, πᾶσιν λέγω· γρηγορεῖτε.¶"
41,Mark,14,1,Mark 14:1,"Ἦν δὲ τὸ πάσχα καὶ τὰ ἄζυμα μετὰ δύο ἡμέρας, καὶ ἐζήτουν οἱ ἀρχιερεῖς καὶ οἱ γραμματεῖς πῶς αὐτὸν ἐν δόλῳ κρατήσαντες ἀποκτείνωσιν·"
41,Mark,14,2,Mark 14:2,ἔλεγον γάρ· μὴ ἐν τῇ ἑορτῇ (he'ortēa) μήποτε ἔσται θόρυβος τοῦ λαοῦ.¶
41,Mark,14,3,Mark 14:3,"Καὶ ὄντος αὐτοῦ ἐν Βηθανίᾳ ἐν τῇ οἰκίᾳ Σίμωνος τοῦ λεπροῦ, κατακειμένου αὐτοῦ ἦλθεν γυνὴ ἔχουσα ἀλάβαστρον μύρου νάρδου πιστικῆς πολυτελοῦς. καὶ συντρίψασα τὴν ἀλάβαστρον κατέχεεν αὐτοῦ κατὰ τῆς κεφαλῆς."
41,Mark,14,4,Mark 14:4,ἦσαν δέ τινες ἀγανακτοῦντες πρὸς ἑαυτούς (he'autous) καὶ λέγοντες· εἰς τί ἡ ἀπώλεια αὕτη τοῦ μύρου γέγονεν;
41,Mark,14,5,Mark 14:5,ἠδύνατο γὰρ τοῦτο τὸ μύρον πραθῆναι ἐπάνω δηναρίων τριακοσίων καὶ δοθῆναι τοῖς πτωχοῖς· καὶ ἐνεβριμῶντο αὐτῇ.
41,Mark,14,6,Mark 14:6,"ὁ δὲ Ἰησοῦς εἶπεν· ἄφετε αὐτήν, τί αὐτῇ κόπους παρέχετε; καλὸν ἔργον ἠργάσατο ἐν ἐμοί."
41,Mark,14,7,Mark 14:7,"πάντοτε γὰρ τοὺς πτωχοὺς ἔχετε μεθ᾽ (meth᾽) ἑαυτῶν, (he'autōn) καὶ ὅταν θέλητε δύνασθε αὐτοῖς πάντοτε εὖ ποιῆσαι, ἐμὲ δὲ οὐ πάντοτε ἔχετε."
41,Mark,14,8,Mark 14:8,"ὃ ἔσχεν αὕτη ἐποίησεν, προέλαβεν μυρίσαι τὸ σῶμά μου εἰς τὸν ἐνταφιασμόν."
41,Mark,14,9,Mark 14:9,"ἀμὴν δὲ λέγω ὑμῖν· ὅπου ἐὰν κηρυχθῇ τὸ εὐαγγέλιον τοῦτο εἰς ὅλον τὸν κόσμον, καὶ ὃ ἐποίησεν αὕτη λαληθήσεται εἰς μνημόσυνον αὐτῆς.¶"
41,Mark,14,10,Mark 14:10,"Καὶ ὁ Ἰούδας Ἰσκαριώθ, ὁ εἷς τῶν δώδεκα, ἀπῆλθεν πρὸς τοὺς ἀρχιερεῖς ἵνα αὐτὸν παραδοῖ αὐτοῖς."
41,Mark,14,11,Mark 14:11,οἱ δὲ ἀκούσαντες ἐχάρησαν καὶ ἐπηγγείλαντο αὐτῷ ἀργύριον δοῦναι· καὶ ἐζήτει πῶς αὐτὸν εὐκαίρως παραδοῖ.¶
41,Mark,14,12,Mark 14:12,"Καὶ τῇ πρώτῃ ἡμέρᾳ τῶν ἀζύμων, ὅτε τὸ πάσχα ἔθυον, λέγουσιν αὐτῷ οἱ μαθηταὶ αὐτοῦ· ποῦ θέλεις ἀπελθόντες ἑτοιμάσωμεν ἵνα φάγῃς τὸ πάσχα;"
41,Mark,14,13,Mark 14:13,"καὶ ἀποστέλλει δύο τῶν μαθητῶν αὐτοῦ καὶ λέγει αὐτοῖς· ὑπάγετε εἰς τὴν πόλιν, καὶ ἀπαντήσει ὑμῖν ἄνθρωπος κεράμιον ὕδατος βαστάζων· ἀκολουθήσατε αὐτῷ."
41,Mark,14,14,Mark 14:14,"καὶ ὅπου ἐὰν εἰσέλθῃ, εἴπατε τῷ οἰκοδεσπότῃ ὅτι ὁ διδάσκαλος λέγει· ποῦ ἐστιν τὸ κατάλυμά μου ὅπου τὸ πάσχα μετὰ τῶν μαθητῶν μου φάγω;"
41,Mark,14,15,Mark 14:15,καὶ αὐτὸς ὑμῖν δείξει ἀνάγαιον μέγα ἐστρωμένον ἕτοιμον· καὶ ἐκεῖ ἑτοιμάσατε ἡμῖν.
41,Mark,14,16,Mark 14:16,καὶ ἐξῆλθον οἱ μαθηταὶ αὐτοῦ καὶ ἦλθον εἰς τὴν πόλιν καὶ εὗρον καθὼς εἶπεν αὐτοῖς καὶ ἡτοίμασαν τὸ πάσχα.¶
41,Mark,14,17,Mark 14:17,Καὶ ὀψίας γενομένης ἔρχεται μετὰ τῶν δώδεκα.
41,Mark,14,18,Mark 14:18,"καὶ ἀνακειμένων αὐτῶν καὶ ἐσθιόντων ὁ Ἰησοῦς εἶπεν· ἀμὴν λέγω ὑμῖν ὅτι εἷς ἐξ ὑμῶν παραδώσει με, ὁ ἐσθίων μετ᾽ (met᾽) ἐμοῦ."
41,Mark,14,19,Mark 14:19,"οἱ δὲ ἤρξαντο λυπεῖσθαι καὶ λέγειν αὐτῷ εἷς κατὰ εἷς· μήτι ἐγώ καὶ ἄλλος, μήτι ἐγώ;"
41,Mark,14,20,Mark 14:20,"ὁ δὲ ἀποκριθεὶς εἶπεν αὐτοῖς· εἷς ἐκ τῶν δώδεκα, ὁ ἐμβαπτόμενος μετ᾽ (met᾽) ἐμοῦ εἰς τὸ ἓν τρύβλιον."
41,Mark,14,21,Mark 14:21,"ὅτι ὁ μὲν υἱὸς τοῦ ἀνθρώπου ὑπάγει καθὼς γέγραπται περὶ αὐτοῦ, οὐαὶ δὲ τῷ ἀνθρώπῳ ἐκείνῳ δι᾽ (di᾽) οὗ ὁ υἱὸς τοῦ ἀνθρώπου παραδίδοται· καλὸν ἦν αὐτῷ εἰ οὐκ ἐγεννήθη ὁ ἄνθρωπος ἐκεῖνος."
41,Mark,14,22,Mark 14:22,"καὶ ἐσθιόντων αὐτῶν, λαβὼν ὁ Ἰησοῦς ἄρτον, εὐλογήσας ἔκλασεν καὶ ἔδωκεν αὐτοῖς καὶ εἶπεν· λάβετε φάγετε, τοῦτό ἐστιν τὸ σῶμά μου."
41,Mark,14,23,Mark 14:23,"καὶ λαβὼν τὸ ποτήριον, εὐχαριστήσας ἔδωκεν αὐτοῖς, καὶ ἔπιον ἐξ αὐτοῦ πάντες."
41,Mark,14,24,Mark 14:24,καὶ εἶπεν αὐτοῖς· τοῦτό ἐστιν τὸ αἷμά μου τὸ τῆς καινῆς διαθήκης τὸ ἐκχυννόμενον ὑπὲρ πολλῶν.
41,Mark,14,25,Mark 14:25,ἀμὴν λέγω ὑμῖν ὅτι οὐκέτι οὐ μὴ πίω ἐκ τοῦ γενήματος τῆς ἀμπέλου ἕως (he'ōs) τῆς ἡμέρας ἐκείνης ὅταν αὐτὸ πίνω καινὸν ἐν τῇ βασιλείᾳ τοῦ θεοῦ.¶
41,Mark,14,26,Mark 14:26,Καὶ ὑμνήσαντες ἐξῆλθον εἰς τὸ ὄρος τῶν ἐλαιῶν.¶
41,Mark,14,27,Mark 14:27,"Καὶ λέγει αὐτοῖς ὁ Ἰησοῦς ὅτι πάντες σκανδαλισθήσεσθε ἐν ἐμοὶ ἐν τῇ νυκτὶ ταύτῃ, ὅτι γέγραπται· πατάξω τὸν ποιμένα, καὶ τὰ πρόβατα διασκορπισθήσονται."
41,Mark,14,28,Mark 14:28,ἀλλὰ μετὰ τὸ ἐγερθῆναί με προάξω ὑμᾶς εἰς τὴν Γαλιλαίαν.
41,Mark,14,29,Mark 14:29,ὁ δὲ Πέτρος ἔφη αὐτῷ· εἰ καὶ πάντες σκανδαλισθήσονται ἀλλ᾽ (all᾽) οὐκ ἐγώ.¶
41,Mark,14,30,Mark 14:30,Καὶ λέγει αὐτῷ ὁ Ἰησοῦς· ἀμὴν λέγω σοι ὅτι σὺ σήμερον ταύτῃ ἐν τῇ νυκτὶ πρὶν ἢ δὶς ἀλέκτορα φωνῆσαι τρίς με ἀπαρνήσῃ.
41,Mark,14,31,Mark 14:31,"ὁ δὲ ἐκπερισσῶς ἐλάλει μᾶλλον· ἐὰν δέῃ με συναποθανεῖν σοι, οὐ μή σε ἀπαρνήσομαι. ὡσαύτως δὲ καὶ πάντες ἔλεγον.¶"
41,Mark,14,32,Mark 14:32,"Καὶ ἔρχονται εἰς χωρίον οὗ τὸ ὄνομα Γεθσημανί, καὶ λέγει τοῖς μαθηταῖς αὐτοῦ· καθίσατε ὧδε ἕως (he'ōs) προσεύξωμαι."
41,Mark,14,33,Mark 14:33,καὶ παραλαμβάνει τὸν Πέτρον καὶ τὸν Ἰάκωβον καὶ τὸν Ἰωάννην μετ᾽ (met᾽) αὐτοῦ καὶ ἤρξατο ἐκθαμβεῖσθαι καὶ ἀδημονεῖν.
41,Mark,14,34,Mark 14:34,καὶ λέγει αὐτοῖς· περίλυπός ἐστιν ἡ ψυχή μου ἕως (he'ōs) θανάτου. μείνατε ὧδε καὶ γρηγορεῖτε.
41,Mark,14,35,Mark 14:35,καὶ προελθὼν μικρὸν ἔπιπτεν ἐπὶ τῆς γῆς καὶ προσηύχετο ἵνα εἰ δυνατόν ἐστιν παρέλθῃ ἀπ᾽ (ap᾽) αὐτοῦ ἡ ὥρα.
41,Mark,14,36,Mark 14:36,"καὶ ἔλεγεν· αββα, ὁ πατήρ, πάντα δυνατά σοι· παρένεγκε τὸ ποτήριον τοῦτο ἀπ᾽ (ap᾽) ἐμοῦ, ἀλλ᾽ (all᾽) οὐ τί ἐγὼ θέλω ἀλλὰ τί σύ."
41,Mark,14,37,Mark 14:37,"καὶ ἔρχεται καὶ εὑρίσκει αὐτοὺς καθεύδοντας καὶ λέγει τῷ Πέτρῳ· Σίμων, καθεύδεις; οὐκ ἴσχυσας μίαν ὥραν γρηγορῆσαι;"
41,Mark,14,38,Mark 14:38,"γρηγορεῖτε καὶ προσεύχεσθε ἵνα μὴ ἔλθητε εἰς πειρασμόν. τὸ μὲν πνεῦμα πρόθυμον, ἡ δὲ σὰρξ ἀσθενής."
41,Mark,14,39,Mark 14:39,καὶ πάλιν ἀπελθὼν προσηύξατο τὸν αὐτὸν λόγον εἰπών.
41,Mark,14,40,Mark 14:40,"καὶ πάλιν ἐλθὼν εὗρεν αὐτοὺς καθεύδοντας· ἦσαν γὰρ αὐτῶν οἱ ὀφθαλμοὶ καταβαρυνόμενοι, καὶ οὐκ ᾔδεισαν τί ἀποκριθῶσιν αὐτῷ."
41,Mark,14,41,Mark 14:41,"καὶ ἔρχεται τὸ τρίτον καὶ λέγει αὐτοῖς· καθεύδετε τὸ λοιπὸν καὶ ἀναπαύεσθε, ἀπέχει, ἦλθεν ἡ ὥρα· ἰδοὺ παραδίδοται ὁ υἱὸς τοῦ ἀνθρώπου εἰς τὰς χεῖρας τῶν ἁμαρτωλῶν."
41,Mark,14,42,Mark 14:42,"ἐγείρεσθε, ἄγωμεν· ἰδοὺ ὁ παραδιδούς με ἤγγικεν.¶"
41,Mark,14,43,Mark 14:43,"Καὶ εὐθὺς ἔτι αὐτοῦ λαλοῦντος παραγίνεται ὁ Ἰούδας, ὁ Ἰσκαριώτης εἷς ὢν τῶν δώδεκα, καὶ μετ᾽ (met᾽) αὐτοῦ ὄχλος πολὺς μετὰ μαχαιρῶν καὶ ξύλων παρὰ τῶν ἀρχιερέων καὶ τῶν γραμματέων καὶ τῶν πρεσβυτέρων."
41,Mark,14,44,Mark 14:44,"δεδώκει δὲ ὁ παραδιδοὺς αὐτὸν σύσσημον αὐτοῖς λέγων· ὃν ἂν φιλήσω, αὐτός ἐστιν. κρατήσατε αὐτὸν καὶ ἀπάγετε ἀσφαλῶς."
41,Mark,14,45,Mark 14:45,"καὶ ἐλθὼν εὐθὺς προσελθὼν αὐτῷ λέγει αὐτῷ· ῥαββί ῥαββί, καὶ κατεφίλησεν αὐτόν."
41,Mark,14,46,Mark 14:46,οἱ δὲ ἐπέβαλον τὰς χεῖρας αὐτῶν αὐτῷ καὶ ἐκράτησαν αὐτόν.
41,Mark,14,47,Mark 14:47,εἷς δέ τις τῶν παρεστηκότων σπασάμενος τὴν μάχαιραν ἔπαισεν τὸν δοῦλον τοῦ ἀρχιερέως καὶ ἀφεῖλεν αὐτοῦ τὸ ὠτάριον.
41,Mark,14,48,Mark 14:48,καὶ ἀποκριθεὶς ὁ Ἰησοῦς εἶπεν αὐτοῖς· ὡς ἐπὶ λῃστὴν ἐξήλθατε μετὰ μαχαιρῶν καὶ ξύλων συλλαβεῖν με;
41,Mark,14,49,Mark 14:49,"καθ᾽ (kath᾽) ἡμέραν ἤμην πρὸς ὑμᾶς ἐν τῷ ἱερῷ (hi'erō) διδάσκων, καὶ οὐκ ἐκρατήσατέ με· ἀλλ᾽ (all᾽) ἵνα πληρωθῶσιν αἱ γραφαί."
41,Mark,14,50,Mark 14:50,καὶ ἀφέντες αὐτὸν ἔφυγον πάντες.
41,Mark,14,51,Mark 14:51,"καὶ εἷς νεανίσκος τις συνηκολούθει αὐτῷ περιβεβλημένος σινδόνα ἐπὶ γυμνοῦ, καὶ κρατοῦσιν αὐτόν οἱ νεανίσκοι."
41,Mark,14,52,Mark 14:52,ὁ δὲ καταλιπὼν τὴν σινδόνα γυμνὸς ἔφυγεν ἀπ᾽ (ap᾽) αὐτῶν.¶
41,Mark,14,53,Mark 14:53,Καὶ ἀπήγαγον τὸν Ἰησοῦν πρὸς τὸν ἀρχιερέα καὶ συνέρχονται αὐτῷ πάντες οἱ ἀρχιερεῖς καὶ οἱ πρεσβύτεροι καὶ οἱ γραμματεῖς.
41,Mark,14,54,Mark 14:54,καὶ ὁ Πέτρος ἀπὸ μακρόθεν ἠκολούθησεν αὐτῷ ἕως (he'ōs) ἔσω εἰς τὴν αὐλὴν τοῦ ἀρχιερέως καὶ ἦν συγκαθήμενος μετὰ τῶν ὑπηρετῶν καὶ θερμαινόμενος πρὸς τὸ φῶς.¶
41,Mark,14,55,Mark 14:55,Οἱ δὲ ἀρχιερεῖς καὶ ὅλον τὸ συνέδριον ἐζήτουν κατὰ τοῦ Ἰησοῦ μαρτυρίαν εἰς τὸ θανατῶσαι αὐτὸν καὶ οὐχ ηὕρισκον.
41,Mark,14,56,Mark 14:56,"πολλοὶ γὰρ ἐψευδομαρτύρουν κατ᾽ (kat᾽) αὐτοῦ, καὶ ἴσαι αἱ μαρτυρίαι οὐκ ἦσαν.¶"
41,Mark,14,57,Mark 14:57,Καί τινες ἀναστάντες ἐψευδομαρτύρουν κατ᾽ (kat᾽) αὐτοῦ λέγοντες
41,Mark,14,58,Mark 14:58,ὅτι ἡμεῖς ἠκούσαμεν αὐτοῦ λέγοντος ὅτι ἐγὼ καταλύσω τὸν ναὸν τοῦτον τὸν χειροποίητον καὶ διὰ τριῶν ἡμερῶν ἄλλον ἀχειροποίητον οἰκοδομήσω.
41,Mark,14,59,Mark 14:59,καὶ οὐδὲ οὕτως ἴση ἦν ἡ μαρτυρία αὐτῶν.
41,Mark,14,60,Mark 14:60,καὶ ἀναστὰς ὁ ἀρχιερεὺς εἰς τὸ μέσον ἐπηρώτησεν τὸν Ἰησοῦν λέγων· οὐκ ἀποκρίνῃ οὐδὲν τί οὗτοί σου καταμαρτυροῦσιν;
41,Mark,14,61,Mark 14:61,ὁ δὲ ἐσιώπα καὶ οὐκ ἀπεκρίνατο οὐδέν. πάλιν ὁ ἀρχιερεὺς ἐπηρώτα αὐτὸν καὶ λέγει αὐτῷ· σὺ εἶ ὁ χριστὸς ὁ υἱὸς τοῦ εὐλογητοῦ;
41,Mark,14,62,Mark 14:62,"ὁ δὲ Ἰησοῦς εἶπεν· ἐγώ εἰμι, καὶ ὄψεσθε τὸν υἱὸν τοῦ ἀνθρώπου ἐκ δεξιῶν καθήμενον τῆς δυνάμεως καὶ ἐρχόμενον μετὰ τῶν νεφελῶν τοῦ οὐρανοῦ."
41,Mark,14,63,Mark 14:63,ὁ δὲ ἀρχιερεὺς διαρρήξας τοὺς χιτῶνας αὐτοῦ λέγει· τί ἔτι χρείαν ἔχομεν μαρτύρων;
41,Mark,14,64,Mark 14:64,ἠκούσατε τῆς βλασφημίας· τί ὑμῖν φαίνεται; οἱ δὲ πάντες κατέκριναν αὐτὸν ἔνοχον εἶναι θανάτου.
41,Mark,14,65,Mark 14:65,"καὶ ἤρξαντό τινες ἐμπτύειν αὐτῷ καὶ περικαλύπτειν αὐτοῦ τὸ πρόσωπον καὶ κολαφίζειν αὐτὸν καὶ λέγειν αὐτῷ· προφήτευσον, καὶ οἱ ὑπηρέται ῥαπίσμασιν αὐτὸν ἔλαβον.¶"
41,Mark,14,66,Mark 14:66,Καὶ ὄντος τοῦ Πέτρου κάτω ἐν τῇ αὐλῇ ἔρχεται μία τῶν παιδισκῶν τοῦ ἀρχιερέως.
41,Mark,14,67,Mark 14:67,"καὶ ἰδοῦσα τὸν Πέτρον θερμαινόμενον, ἐμβλέψασα αὐτῷ λέγει· καὶ σὺ μετὰ τοῦ Ναζαρηνοῦ ἦσθα τοῦ Ἰησοῦ."
41,Mark,14,68,Mark 14:68,"ὁ δὲ ἠρνήσατο λέγων· οὔτε οἶδα οὔτε ἐπίσταμαι σὺ τί λέγεις. καὶ ἐξῆλθεν ἔξω εἰς τὸ προαύλιον, καὶ ἀλέκτωρ ἐφώνησεν."
41,Mark,14,69,Mark 14:69,καὶ ἡ παιδίσκη ἰδοῦσα αὐτὸν ἤρξατο πάλιν λέγειν τοῖς παρεστῶσιν ὅτι οὗτος ἐξ αὐτῶν ἐστιν.
41,Mark,14,70,Mark 14:70,ὁ δὲ πάλιν ἠρνεῖτο. καὶ μετὰ μικρὸν πάλιν οἱ παρεστῶτες ἔλεγον τῷ Πέτρῳ· ἀληθῶς ἐξ αὐτῶν εἶ· καὶ γὰρ Γαλιλαῖος εἶ καὶ ἡ λαλιά σου ὁμοιάζει.
41,Mark,14,71,Mark 14:71,ὁ δὲ ἤρξατο ἀναθεματίζειν καὶ ὀμνύναι ὅτι οὐκ οἶδα τὸν ἄνθρωπον τοῦτον ὃν λέγετε.
41,Mark,14,72,Mark 14:72,"καὶ εὐθὺς ἐκ δευτέρου ἀλέκτωρ ἐφώνησεν, καὶ ἀνεμνήσθη ὁ Πέτρος τὸ ῥῆμα ὡς οὖ εἶπεν αὐτῷ ὁ Ἰησοῦς ὅτι πρὶν ἀλέκτορα φωνῆσαι δίς, τρίς με ἀπαρνήσῃ. καὶ ἐπιβαλὼν ἔκλαιεν.¶"
41,Mark,15,1,Mark 15:1,"Καὶ εὐθὺς ἐπὶ τὸ πρωῒ συμβούλιον ποιήσαντες οἱ ἀρχιερεῖς μετὰ τῶν πρεσβυτέρων καὶ γραμματέων καὶ ὅλον τὸ συνέδριον, δήσαντες τὸν Ἰησοῦν ἀπήνεγκαν καὶ παρέδωκαν τῷ Πιλάτῳ.¶"
41,Mark,15,2,Mark 15:2,Καὶ ἐπηρώτησεν αὐτὸν ὁ Πιλᾶτος· σὺ εἶ ὁ βασιλεὺς τῶν Ἰουδαίων; ὁ δὲ ἀποκριθεὶς αὐτῷ λέγει· σὺ λέγεις.
41,Mark,15,3,Mark 15:3,καὶ κατηγόρουν αὐτοῦ οἱ ἀρχιερεῖς πολλά.¶
41,Mark,15,4,Mark 15:4,Ὁ δὲ Πιλᾶτος πάλιν ἐπηρώτα αὐτὸν λέγων· οὐκ ἀποκρίνῃ οὐδέν; ἴδε πόσα σου κατηγοροῦσιν.¶
41,Mark,15,5,Mark 15:5,Ὁ δὲ Ἰησοῦς οὐκέτι οὐδὲν ἀπεκρίθη ὥστε θαυμάζειν τὸν Πιλᾶτον.
41,Mark,15,6,Mark 15:6,κατὰ δὲ ἑορτὴν (he'ortēn) ἀπέλυεν αὐτοῖς ἕνα δέσμιον ὃν παρῃτοῦντο.
41,Mark,15,7,Mark 15:7,ἦν δὲ ὁ λεγόμενος Βαραββᾶς μετὰ τῶν στασιαστῶν δεδεμένος οἵτινες ἐν τῇ στάσει φόνον πεποιήκεισαν.
41,Mark,15,8,Mark 15:8,καὶ ἀναβὰς ὁ ὄχλος ἤρξατο αἰτεῖσθαι καθὼς ἀεὶ ἐποίει αὐτοῖς.¶
41,Mark,15,9,Mark 15:9,Ὁ δὲ Πιλᾶτος ἀπεκρίθη αὐτοῖς λέγων· θέλετε ἀπολύσω ὑμῖν τὸν βασιλέα τῶν Ἰουδαίων;
41,Mark,15,10,Mark 15:10,ἐγίνωσκεν γὰρ ὅτι διὰ φθόνον παραδεδώκεισαν αὐτὸν οἱ ἀρχιερεῖς.
41,Mark,15,11,Mark 15:11,οἱ δὲ ἀρχιερεῖς ἀνέσεισαν τὸν ὄχλον ἵνα μᾶλλον τὸν Βαραββᾶν ἀπολύσῃ αὐτοῖς.¶
41,Mark,15,12,Mark 15:12,Ὁ δὲ Πιλᾶτος πάλιν ἀποκριθεὶς ἔλεγεν αὐτοῖς· τί οὖν θέλετε ποιήσω ὃν λέγετε τὸν βασιλέα τῶν Ἰουδαίων;
41,Mark,15,13,Mark 15:13,οἱ δὲ πάλιν ἔκραξαν· σταύρωσον αὐτόν.
41,Mark,15,14,Mark 15:14,ὁ δὲ Πιλᾶτος ἔλεγεν αὐτοῖς· τί γὰρ ἐποίησεν κακόν; οἱ δὲ περισσῶς ἔκραξαν· σταύρωσον αὐτόν.
41,Mark,15,15,Mark 15:15,ὁ δὲ Πιλᾶτος βουλόμενος τῷ ὄχλῳ τὸ ἱκανὸν ποιῆσαι ἀπέλυσεν αὐτοῖς τὸν Βαραββᾶν καὶ παρέδωκεν τὸν Ἰησοῦν φραγελλώσας ἵνα σταυρωθῇ.¶
41,Mark,15,16,Mark 15:16,"Οἱ δὲ στρατιῶται ἀπήγαγον αὐτὸν ἔσω τῆς αὐλῆς, ὅ ἐστιν πραιτώριον, καὶ συγκαλοῦσιν ὅλην τὴν σπεῖραν"
41,Mark,15,17,Mark 15:17,καὶ ἐνδιδύσκουσιν αὐτὸν πορφύραν καὶ περιτιθέασιν αὐτῷ πλέξαντες ἀκάνθινον στέφανον
41,Mark,15,18,Mark 15:18,καὶ ἤρξαντο ἀσπάζεσθαι αὐτόν· χαῖρε ὁ βασιλεῦ τῶν Ἰουδαίων.
41,Mark,15,19,Mark 15:19,"καὶ ἔτυπτον αὐτοῦ τὴν κεφαλὴν καλάμῳ καὶ ἐνέπτυον αὐτῷ, καὶ τιθέντες τὰ γόνατα προσεκύνουν αὐτῷ."
41,Mark,15,20,Mark 15:20,"καὶ ὅτε ἐνέπαιξαν αὐτῷ, ἐξέδυσαν αὐτὸν τὴν πορφύραν καὶ ἐνέδυσαν αὐτὸν τὰ ἱμάτια αὐτοῦ. καὶ ἐξάγουσιν αὐτὸν ἵνα σταυρώσωσιν αὐτόν."
41,Mark,15,21,Mark 15:21,"καὶ ἀγγαρεύουσιν παράγοντά τινα Σίμωνα Κυρηναῖον ἐρχόμενον ἀπ᾽ (ap᾽) ἀγροῦ, τὸν πατέρα Ἀλεξάνδρου καὶ Ῥούφου, ἵνα ἄρῃ τὸν σταυρὸν αὐτοῦ."
41,Mark,15,22,Mark 15:22,"καὶ φέρουσιν αὐτὸν ἐπὶ τὸν Γολγοθᾶν τόπον, ὅ ἐστιν μεθερμηνευόμενον, κρανίου τόπος."
41,Mark,15,23,Mark 15:23,καὶ ἐδίδουν αὐτῷ πιεῖν ἐσμυρνισμένον οἶνον· ὃς δὲ οὐκ ἔλαβεν.¶
41,Mark,15,24,Mark 15:24,"Καὶ σταυροῦσιν αὐτὸν καὶ διαμερίζονται τὰ ἱμάτια αὐτοῦ βάλλοντες κλῆρον ἐπ᾽ (ep᾽) αὐτά, τίς τί ἄρῃ."
41,Mark,15,25,Mark 15:25,"ἦν δὲ ὥρα τρίτη, καὶ ἐσταύρωσαν αὐτόν."
41,Mark,15,26,Mark 15:26,καὶ ἦν ἡ ἐπιγραφὴ τῆς αἰτίας αὐτοῦ ἐπιγεγραμμένη· ὁ βασιλεὺς τῶν Ἰουδαίων.
41,Mark,15,27,Mark 15:27,"καὶ σὺν αὐτῷ σταυροῦσιν δύο λῃστάς, ἕνα ἐκ δεξιῶν καὶ ἕνα ἐξ εὐωνύμων αὐτοῦ."
41,Mark,15,28,Mark 15:28,"καὶ ἐπληρώθη ἡ γραφὴ ἡ λέγουσα, καὶ μετὰ ἀνόμων ἐλογίσθη."
41,Mark,15,29,Mark 15:29,"καὶ οἱ παραπορευόμενοι ἐβλασφήμουν αὐτὸν κινοῦντες τὰς κεφαλὰς αὐτῶν καὶ λέγοντες· Οὐά, ὁ καταλύων τὸν ναὸν καὶ οἰκοδομῶν ἐν τρισὶν ἡμέραις,"
41,Mark,15,30,Mark 15:30,σῶσον σεαυτὸν καὶ καταβὰς ἀπὸ τοῦ σταυροῦ.
41,Mark,15,31,Mark 15:31,"ὁμοίως δὲ καὶ οἱ ἀρχιερεῖς ἐμπαίζοντες πρὸς ἀλλήλους μετὰ τῶν γραμματέων ἔλεγον· ἄλλους ἔσωσεν, ἑαυτὸν (he'auton) οὐ δύναται σῶσαι·"
41,Mark,15,32,Mark 15:32,"ὁ χριστός, ὁ βασιλεὺς τοῦ Ἰσραήλ, καταβάτω νῦν ἀπὸ τοῦ σταυροῦ ἵνα ἴδωμεν καὶ πιστεύσωμεν αὐτῷ. καὶ οἱ συνεσταυρωμένοι σὺν αὐτῷ ὠνείδιζον αὐτόν.¶"
41,Mark,15,33,Mark 15:33,Καὶ γενομένης δὲ ὥρας ἕκτης σκότος ἐγένετο ἐφ᾽ (eph᾽) ὅλην τὴν γῆν ἕως (he'ōs) ὥρας ἐνάτης.
41,Mark,15,34,Mark 15:34,"καὶ τῇ ἐνάτῃ τῇ ὥρᾳ ἐβόησεν ὁ Ἰησοῦς φωνῇ μεγάλῃ λέγων· ελωι ελωι, λεμα σαβαχθανι; ὅ ἐστιν μεθερμηνευόμενον· ὁ θεός μου ὁ θεός μου, εἰς τί ἐγκατέλιπές με;"
41,Mark,15,35,Mark 15:35,"καί τινες τῶν παρεστηκότων ἀκούσαντες ἔλεγον· ἴδε, Ἠλίαν φωνεῖ."
41,Mark,15,36,Mark 15:36,"δραμὼν δέ τις καὶ γεμίσας σπόγγον ὄξους, περιθεὶς τε καλάμῳ ἐπότιζεν αὐτόν λέγων· ἄφετε, ἴδωμεν εἰ ἔρχεται Ἠλίας καθελεῖν αὐτόν."
41,Mark,15,37,Mark 15:37,ὁ δὲ Ἰησοῦς ἀφεὶς φωνὴν μεγάλην ἐξέπνευσεν.¶
41,Mark,15,38,Mark 15:38,Καὶ τὸ καταπέτασμα τοῦ ναοῦ ἐσχίσθη εἰς δύο ἀπ᾽ (ap᾽) ἄνωθεν ἕως (he'ōs) κάτω.
41,Mark,15,39,Mark 15:39,"ἰδὼν δὲ ὁ κεντυρίων ὁ παρεστηκὼς ἐξ ἐναντίας αὐτοῦ ὅτι οὕτως κράξας ἐξέπνευσεν, εἶπεν· ἀληθῶς οὗτος ὁ ἄνθρωπος υἱὸς θεοῦ ἦν."
41,Mark,15,40,Mark 15:40,"ἦσαν δὲ καὶ γυναῖκες ἀπὸ μακρόθεν θεωροῦσαι ἐν αἷς ἦν καὶ Μαρία ἡ Μαγδαληνὴ καὶ Μαρία ἡ τοῦ Ἰακώβου τοῦ μικροῦ καὶ Ἰωσῆτος μήτηρ καὶ Σαλώμη,"
41,Mark,15,41,Mark 15:41,"αἳ καί ὅτε ἦν ἐν τῇ Γαλιλαίᾳ ἠκολούθουν αὐτῷ καὶ διηκόνουν αὐτῷ, καὶ ἄλλαι πολλαὶ αἱ συναναβᾶσαι αὐτῷ εἰς Ἱεροσόλυμα.¶ (Hi'erosoluma)"
41,Mark,15,42,Mark 15:42,"Καὶ ἤδη ὀψίας γενομένης, ἐπεὶ ἦν παρασκευὴ ὅ ἐστιν προσάββατον,"
41,Mark,15,43,Mark 15:43,"ἐλθὼν Ἰωσὴφ ὁ ἀπὸ Ἁριμαθαίας, εὐσχήμων βουλευτὴς ὃς καὶ αὐτὸς ἦν προσδεχόμενος τὴν βασιλείαν τοῦ θεοῦ, τολμήσας εἰσῆλθεν πρὸς τὸν Πιλᾶτον καὶ ᾐτήσατο τὸ σῶμα τοῦ Ἰησοῦ."
41,Mark,15,44,Mark 15:44,"ὁ δὲ Πιλᾶτος ἐθαύμασεν εἰ ἤδη τέθνηκεν, καὶ προσκαλεσάμενος τὸν κεντυρίωνα ἐπηρώτησεν αὐτὸν εἰ πάλαι ἀπέθανεν."
41,Mark,15,45,Mark 15:45,καὶ γνοὺς ἀπὸ τοῦ κεντυρίωνος ἐδωρήσατο τὸ πτῶμα τῷ Ἰωσήφ.
41,Mark,15,46,Mark 15:46,"καὶ ἀγοράσας σινδόνα, καὶ καθελὼν αὐτὸν ἐνείλησεν τῇ σινδόνι καὶ ἔθηκεν αὐτὸν ἐν μνημείῳ ὃ ἦν λελατομημένον ἐκ πέτρας καὶ προσεκύλισεν λίθον ἐπὶ τὴν θύραν τοῦ μνημείου."
41,Mark,15,47,Mark 15:47,ἡ δὲ Μαρία ἡ Μαγδαληνὴ καὶ Μαρία ἡ Ἰωσῆτος ἐθεώρουν ποῦ τέθειται.¶
41,Mark,16,1,Mark 16:1,Καὶ διαγενομένου τοῦ σαββάτου ἡ Μαρία ἡ Μαγδαληνὴ καὶ Μαρία ἡ τοῦ Ἰακώβου καὶ Σαλώμη ἠγόρασαν ἀρώματα ἵνα ἐλθοῦσαι ἀλείψωσιν αὐτόν.
41,Mark,16,2,Mark 16:2,καὶ λίαν πρωῒ τῇ μιᾷ τῶν σαββάτων ἔρχονται ἐπὶ τὸ μνημεῖον ἀνατείλαντος τοῦ ἡλίου.
41,Mark,16,3,Mark 16:3,καὶ ἔλεγον πρὸς ἑαυτάς· (he'autas) τίς ἀποκυλίσει ἡμῖν τὸν λίθον ἐκ τῆς θύρας τοῦ μνημείου;
41,Mark,16,4,Mark 16:4,καὶ ἀναβλέψασαι θεωροῦσιν ὅτι ἀποκεκύλισται ὁ λίθος· ἦν γὰρ μέγας σφόδρα.
41,Mark,16,5,Mark 16:5,καὶ εἰσελθοῦσαι εἰς τὸ μνημεῖον εἶδον νεανίσκον καθήμενον ἐν τοῖς δεξιοῖς περιβεβλημένον στολὴν λευκὴν καὶ ἐξεθαμβήθησαν.
41,Mark,16,6,Mark 16:6,"ὁ δὲ λέγει αὐταῖς· μὴ ἐκθαμβεῖσθε. Ἰησοῦν ζητεῖτε τὸν Ναζαρηνὸν τὸν ἐσταυρωμένον· ἠγέρθη, οὐκ ἔστιν ὧδε· ἴδε ὁ τόπος ὅπου ἔθηκαν αὐτόν."
41,Mark,16,7,Mark 16:7,"ἀλλ᾽ (all᾽) ὑπάγετε, εἴπατε τοῖς μαθηταῖς αὐτοῦ καὶ τῷ Πέτρῳ ὅτι προάγει ὑμᾶς εἰς τὴν Γαλιλαίαν· ἐκεῖ αὐτὸν ὄψεσθε καθὼς εἶπεν ὑμῖν."
41,Mark,16,8,Mark 16:8,καὶ ἐξελθοῦσαι ταχὺ ἔφυγον ἀπὸ τοῦ μνημείου· εἶχεν γὰρ αὐτὰς τρόμος καὶ ἔκστασις. καὶ οὐδενὶ οὐδὲν εἶπαν· ἐφοβοῦντο γάρ.¶ [[Πάντα δὲ τὰ παρηγγελμένα τοῖς περὶ τὸν Πέτρον συντόμως ἐξήγγειλαν. Μετὰ δὲ ταῦτα καὶ αὐτὸς ὁ Ἰησοῦς ἀπὸ ἀνατολῆς καὶ ἄχρι δύσεως ἐξαπέστειλεν δι᾽ (di᾽) αὐτῶν τὸ ἱερὸν (hi'eron) καὶ ἄφθαρτον κήρυγμα τῆς αἰωνίου σωτηρίας. ἀμήν.¶]]
41,Mark,16,9,Mark 16:9,"[[Ἀναστὰς δὲ πρωῒ πρώτῃ σαββάτου ἐφάνη πρῶτον Μαρίᾳ τῇ Μαγδαληνῇ, παρ᾽ (par᾽) ἧς ἐκβεβλήκει ἑπτὰ δαιμόνια."
41,Mark,16,10,Mark 16:10,"ἐκείνη πορευθεῖσα ἀπήγγειλεν τοῖς μετ᾽ (met᾽) αὐτοῦ γενομένοις, πενθοῦσιν καὶ κλαίουσιν."
41,Mark,16,11,Mark 16:11,κἀκεῖνοι ἀκούσαντες ὅτι ζῇ καὶ ἐθεάθη ὑπ᾽ (hup᾽) αὐτῆς ἠπίστησαν.
41,Mark,16,12,Mark 16:12,μετὰ δὲ ταῦτα δυσὶν ἐξ αὐτῶν περιπατοῦσιν ἐφανερώθη ἐν ἑτέρᾳ μορφῇ πορευομένοις εἰς ἀγρόν.
41,Mark,16,13,Mark 16:13,κἀκεῖνοι ἀπελθόντες ἀπήγγειλαν τοῖς λοιποῖς· οὐδὲ ἐκείνοις ἐπίστευσαν.
41,Mark,16,14,Mark 16:14,"ὕστερον δὲ ἀνακειμένοις αὐτοῖς τοῖς ἕνδεκα ἐφανερώθη, καὶ ὠνείδισεν τὴν ἀπιστίαν αὐτῶν καὶ σκληροκαρδίαν ὅτι τοῖς θεασαμένοις αὐτὸν ἐγηγερμένον ἐκ νεκρῶν οὐκ ἐπίστευσαν.¶"
41,Mark,16,15,Mark 16:15,Καὶ εἶπεν αὐτοῖς· πορευθέντες εἰς τὸν κόσμον ἅπαντα κηρύξατε τὸ εὐαγγέλιον πάσῃ τῇ κτίσει.
41,Mark,16,16,Mark 16:16,ὁ πιστεύσας καὶ βαπτισθεὶς σωθήσεται· ὁ δὲ ἀπιστήσας κατακριθήσεται.¶
41,Mark,16,17,Mark 16:17,"Σημεῖα δὲ τοῖς πιστεύσασιν ταῦτα παρακολουθήσει· ἐν τῷ ὀνόματί μου δαιμόνια ἐκβαλοῦσιν, γλώσσαις λαλήσουσιν καιναῖς,"
41,Mark,16,18,Mark 16:18,"καὶ ἐν ταῖς χερσὶν ὄφεις ἀροῦσιν, κἂν θανάσιμόν τι πίωσιν, οὐ μὴ αὐτοὺς βλάψει, ἐπὶ ἀρρώστους χεῖρας ἐπιθήσουσιν καὶ καλῶς ἕξουσιν.¶"
41,Mark,16,19,Mark 16:19,Ὁ μὲν οὖν κύριος Ἰησοῦς μετὰ τὸ λαλῆσαι αὐτοῖς ἀνελήφθη εἰς τὸν οὐρανὸν καὶ ἐκάθισεν ἐκ δεξιῶν τοῦ θεοῦ.
41,Mark,16,20,Mark 16:20,"ἐκεῖνοι δὲ ἐξελθόντες ἐκήρυξαν πανταχοῦ, τοῦ κυρίου συνεργοῦντος καὶ τὸν λόγον βεβαιοῦντος διὰ τῶν ἐπακολουθούντων σημείων. ἀμήν.]]¶"
